image_name,scene,ref_type,strategy,matching_method,pitch,yaw,altitude,pred_error,inlier_count,total_time,retrieval_time,match_time
DJI_20240917112155_0351_D.JPG,QingZhou_2024,HIGH,Top1,RoMa,-34.5,-155.8,38.4,59.55960753687743,18,3.448277473449707,0.013078491622154865,0.24013781547546387
DJI_20240917112200_0352_D.JPG,QingZhou_2024,HIGH,Top1,RoMa,-34.7,-155.8,38.4,16.3269905719296,65,3.4335784912109375,0.01294737620787187,0.24717378616333008
DJI_20240917112204_0353_D.JPG,QingZhou_2024,HIGH,Top1,RoMa,-34.7,-155.8,41.4,5.732142853315079,69,3.122697591781616,0.013381460987070881,0.24655604362487793
DJI_20240917112218_0354_D.JPG,QingZhou_2024,HIGH,Top1,RoMa,-45.5,-155.8,65.7,186.5717553901066,79,2.37158465385437,0.014917750318511194,0.242401123046875
DJI_20240917112223_0355_D.JPG,QingZhou_2024,HIGH,Top1,RoMa,-45.5,118.2,71.9,188.96735707315798,9,2.038806915283203,0.014963578204719387,0.2320718765258789
DJI_20240917112252_0363_D.JPG,QingZhou_2024,HIGH,Top1,RoMa,-30.8,85.2,72.8,151.6384443869816,13,1.4620537757873535,0.01525636304888809,0.26328444480895996
DJI_20240917112254_0364_D.JPG,QingZhou_2024,HIGH,Top1,RoMa,-45.6,85.2,72.8,8.838377927931123,64,2.2548041343688965,0.014893879932639874,0.23475217819213867
DJI_20240917112256_0365_D.JPG,QingZhou_2024,HIGH,Top1,RoMa,-45.6,71.4,72.7,6.190126973911315,84,2.0560410022735596,0.014634277306351006,0.23462343215942383
DJI_20240917112259_0366_D.JPG,QingZhou_2024,HIGH,Top1,RoMa,-42.5,71.4,72.8,298.9692056682629,83,2.0391552448272705,0.015230514565292669,0.23002839088439941
DJI_20240917112301_0367_D.JPG,QingZhou_2024,HIGH,Top1,RoMa,-39.6,71.4,72.8,7.847797980579572,174,1.901573896408081,0.015586465947768267,0.2425541877746582
DJI_20240917112304_0368_D.JPG,QingZhou_2024,HIGH,Top1,RoMa,-39.6,62.0,72.8,9.204404876919579,65,1.9081358909606934,0.015224950258121935,0.24588966369628906
DJI_20240917112306_0369_D.JPG,QingZhou_2024,HIGH,Top1,RoMa,-39.6,49.0,72.8,172.7722198208573,93,2.092617988586426,0.015869867510911895,0.4241034984588623
DJI_20240917112308_0370_D.JPG,QingZhou_2024,HIGH,Top1,RoMa,-39.6,32.3,73.3,8.808172011735861,152,1.810777187347412,0.01585363412832285,0.23686766624450684
DJI_20240917112310_0371_D.JPG,QingZhou_2024,HIGH,Top1,RoMa,-39.6,28.3,77.7,19.93077479045591,31,1.7027390003204346,0.015837454460036586,0.22403335571289062
DJI_20240917112312_0372_D.JPG,QingZhou_2024,HIGH,Top1,RoMa,-39.6,13.0,78.4,478.72594162755433,46,1.7095139026641846,0.015308014551798503,0.23003649711608887
DJI_20240917112313_0373_D.JPG,QingZhou_2024,HIGH,Top1,RoMa,-39.6,10.0,79.1,16.30772110532267,60,1.7030651569366455,0.015076834904520135,0.23055195808410645
DJI_20240917112315_0374_D.JPG,QingZhou_2024,HIGH,Top1,RoMa,-39.6,-13.8,79.2,12.066460003308986,126,1.7857801914215088,0.015494643867789926,0.2512073516845703
DJI_20240917112317_0375_D.JPG,QingZhou_2024,HIGH,Top1,RoMa,-39.6,-13.8,79.1,11.667806344442253,177,1.7791545391082764,0.015687731953410358,0.23015284538269043
DJI_20240917112319_0376_D.JPG,QingZhou_2024,HIGH,Top1,RoMa,-39.6,-21.7,79.7,11.64634600393296,52,1.7352409362792969,0.015979414254846707,0.2396860122680664
DJI_20240917112321_0377_D.JPG,QingZhou_2024,HIGH,Top1,RoMa,-39.6,-27.6,81.3,9.383375509719079,50,1.6319327354431152,0.015838025221184118,0.22819733619689941
DJI_20240917112322_0378_D.JPG,QingZhou_2024,HIGH,Top1,RoMa,-39.6,-46.6,81.2,10.763727400902207,52,1.6254901885986328,0.015819047436569676,0.22929668426513672
DJI_20240917112324_0379_D.JPG,QingZhou_2024,HIGH,Top1,RoMa,-39.6,-60.0,81.2,467.6837195309161,77,1.664893627166748,0.015682714326041087,0.22303438186645508
DJI_20240917112327_0380_D.JPG,QingZhou_2024,HIGH,Top1,RoMa,-39.6,-70.1,81.2,12.876460527339836,55,1.606513500213623,0.01565056060677144,0.23071837425231934
DJI_20240917112331_0381_D.JPG,QingZhou_2024,HIGH,Top1,RoMa,-42.1,-79.3,81.3,663.4611873814507,144,1.7815992832183838,0.015259124614574291,0.22754502296447754
DJI_20240917112333_0382_D.JPG,QingZhou_2024,HIGH,Top1,RoMa,-43.3,-101.4,81.4,388.6314059146126,43,1.8025438785552979,0.014758200872512091,0.23552489280700684
DJI_20240917112335_0383_D.JPG,QingZhou_2024,HIGH,Top1,RoMa,-45.2,-101.4,81.4,136.51716354305353,51,1.925323724746704,0.015164635154638397,0.2322680950164795
DJI_20240917112337_0384_D.JPG,QingZhou_2024,HIGH,Top1,RoMa,-45.2,-106.7,81.5,89.03839225877778,26,1.7509880065917969,0.014923399686813355,0.23155426979064941
DJI_20240917112339_0385_D.JPG,QingZhou_2024,HIGH,Top1,RoMa,-45.2,-108.3,81.5,14.103648951333602,46,1.8294568061828613,0.015110524689278952,0.24119043350219727
DJI_20240917112341_0386_D.JPG,QingZhou_2024,HIGH,Top1,RoMa,-45.2,-117.9,81.5,4.966065022534757,38,1.7762413024902344,0.015374501546223959,0.22785735130310059
DJI_20240917112343_0387_D.JPG,QingZhou_2024,HIGH,Top1,RoMa,-45.2,-131.6,81.5,39.66644735517622,10,1.7705490589141846,0.015590766807655235,0.2246875762939453
DJI_20240917112345_0388_D.JPG,QingZhou_2024,HIGH,Top1,RoMa,-45.2,-143.9,81.5,208.11895433669238,11,1.8255157470703125,0.015533397227157781,0.22572112083435059
DJI_20240917112346_0389_D.JPG,QingZhou_2024,HIGH,Top1,RoMa,-45.2,-151.5,81.5,339.8416319431984,18,1.8116934299468994,0.01569103289254104,0.22555851936340332
DJI_20240917112349_0390_D.JPG,QingZhou_2024,HIGH,Top1,RoMa,-45.2,-164.1,81.5,273.94125613205574,48,1.7941534519195557,0.015762075399741147,0.23812603950500488
DJI_20240917112350_0391_D.JPG,QingZhou_2024,HIGH,Top1,RoMa,-45.2,-164.1,81.5,410.42156536414984,42,1.7970893383026123,0.015755424132713906,0.23848199844360352
DJI_20240917112353_0392_D.JPG,QingZhou_2024,HIGH,Top1,RoMa,-45.2,-173.1,81.5,9.249673016697281,113,1.9373195171356201,0.015089582610916306,0.23285508155822754
DJI_20240917112441_0393_D.JPG,QingZhou_2024,HIGH,Top1,RoMa,-46.8,-179.4,106.8,180.14242468984685,19,1.5184645652770996,0.0155536743902391,0.22703933715820312
DJI_20240917112445_0394_D.JPG,QingZhou_2024,HIGH,Top1,RoMa,-46.8,-179.2,106.7,198.09581547744156,80,1.527578353881836,0.015439817982335244,0.23649334907531738
DJI_20240917112447_0395_D.JPG,QingZhou_2024,HIGH,Top1,RoMa,-46.8,176.0,106.7,180.32518893321907,6,1.4512848854064941,0.015615623572777057,0.22403550148010254
DJI_20240917112450_0396_D.JPG,QingZhou_2024,HIGH,Top1,RoMa,-63.4,175.3,106.7,208.3581338871934,10,1.8553588390350342,0.015251650529749253,0.2269442081451416
DJI_20240917112452_0397_D.JPG,QingZhou_2024,HIGH,Top1,RoMa,-66.3,175.3,106.7,52.91230319404233,18,1.9032366275787354,0.015387859455374785,0.23555397987365723
DJI_20240917112453_0398_D.JPG,QingZhou_2024,HIGH,Top1,RoMa,-66.3,179.4,106.8,57.69814952881988,12,1.8044540882110596,0.015563100576400757,0.23075509071350098
DJI_20240917112456_0399_D.JPG,QingZhou_2024,HIGH,Top1,RoMa,-66.3,-177.7,106.8,179.02312999281747,6,1.9503419399261475,0.015170990765749752,0.24668335914611816
DJI_20240917112458_0400_D.JPG,QingZhou_2024,HIGH,Top1,RoMa,-66.3,-177.7,106.7,3.574493831049766,752,2.0263543128967285,0.015603327489161229,0.2358400821685791
DJI_20240917112501_0401_D.JPG,QingZhou_2024,HIGH,Top1,RoMa,-90.0,-177.7,106.7,306.7287111360581,57,2.343390941619873,0.01577344157479026,0.24670028686523438
DJI_20240917112503_0402_D.JPG,QingZhou_2024,HIGH,Top1,RoMa,-90.0,-177.7,107.9,2.0812397687681954,905,2.0870578289031982,0.015555942901457199,0.22704124450683594
DJI_20240917112505_0403_D.JPG,QingZhou_2024,HIGH,Top1,RoMa,-90.0,-177.7,111.6,2.690571576122118,601,1.9080932140350342,0.014959931373596191,0.22202849388122559
DJI_20240917112507_0404_D.JPG,QingZhou_2024,HIGH,Top1,RoMa,-89.5,-177.7,115.0,2.6579052334573925,787,1.8827776908874512,0.01491534316932762,0.23166584968566895
DJI_20240917112509_0405_D.JPG,QingZhou_2024,HIGH,Top1,RoMa,-89.5,-177.7,117.1,3.4527672568852448,800,1.9703960418701172,0.01540277816437103,0.22807598114013672
DJI_20240917112511_0406_D.JPG,QingZhou_2024,HIGH,Top1,RoMa,-89.5,-177.7,118.9,1.191919688920697,666,2.1247200965881348,0.015743637626821346,0.3853628635406494
DJI_20240917112513_0407_D.JPG,QingZhou_2024,HIGH,Top1,RoMa,-89.5,-177.7,120.7,4.503346184093159,791,1.8248698711395264,0.015670275688171385,0.2346940040588379
DJI_20240917112515_0408_D.JPG,QingZhou_2024,HIGH,Top1,RoMa,-89.5,-177.7,121.0,2.8823132013670594,759,1.8648879528045654,0.01584135591983795,0.2403581142425537
DJI_20240917112518_0409_D.JPG,QingZhou_2024,HIGH,Top1,RoMa,-89.5,-178.0,120.2,6.219487390107089,691,1.8071763515472412,0.01544087827205658,0.2312767505645752
DJI_20240917112521_0410_D.JPG,QingZhou_2024,HIGH,Top1,RoMa,-89.5,-178.0,113.4,4.874198778582969,626,2.0104358196258545,0.01539227783039052,0.2313404083251953
DJI_20240917112522_0411_D.JPG,QingZhou_2024,HIGH,Top1,RoMa,-89.5,-178.0,113.3,3.7990437704253486,685,2.058104991912842,0.01570836959346648,0.25541114807128906
DJI_20240917112524_0412_D.JPG,QingZhou_2024,HIGH,Top1,RoMa,-89.5,-178.0,113.3,4.090586419317053,702,2.0286505222320557,0.01566635921437253,0.22854042053222656
DJI_20240917112525_0413_D.JPG,QingZhou_2024,HIGH,Top1,RoMa,-89.5,-178.0,113.3,60.86079924045296,12,2.004176616668701,0.015373627344767252,0.23724126815795898
DJI_20240917112528_0414_D.JPG,QingZhou_2024,HIGH,Top1,RoMa,-89.5,168.1,113.3,3.9958077758824966,148,1.8819479942321777,0.015128878029910002,0.2335515022277832
DJI_20240917112531_0415_D.JPG,QingZhou_2024,HIGH,Top1,RoMa,-89.5,98.0,112.5,3.6998822034510317,549,1.8664498329162598,0.015215224997941838,0.23338985443115234
DJI_20240917112533_0416_D.JPG,QingZhou_2024,HIGH,Top1,RoMa,-89.5,93.5,112.5,157.45770299947893,11,1.852285623550415,0.014732098311520694,0.2260444164276123
DJI_20240917112535_0417_D.JPG,QingZhou_2024,HIGH,Top1,RoMa,-89.5,93.5,112.5,38.99463990241792,23,1.8698468208312988,0.014862210563059603,0.23204445838928223
DJI_20240917112537_0418_D.JPG,QingZhou_2024,HIGH,Top1,RoMa,-89.5,95.7,112.5,27.234573558554818,50,1.931305170059204,0.014588548291114068,0.2258615493774414
DJI_20240917112539_0419_D.JPG,QingZhou_2024,HIGH,Top1,RoMa,-89.5,94.5,112.5,3.4536750381950716,236,1.798447847366333,0.01468355234931497,0.2296764850616455
DJI_20240917112540_0420_D.JPG,QingZhou_2024,HIGH,Top1,RoMa,-89.5,95.5,112.5,2.7732239036745483,275,1.9300096035003662,0.014757694736603768,0.23493003845214844
DJI_20240917112542_0421_D.JPG,QingZhou_2024,HIGH,Top1,RoMa,-89.5,95.5,112.5,5.617039964635485,331,1.9663991928100586,0.015007260025188486,0.24967360496520996
DJI_20240917112544_0422_D.JPG,QingZhou_2024,HIGH,Top1,RoMa,-89.5,95.7,112.6,1.558344334553671,225,1.9924888610839844,0.014997718154743154,0.25852513313293457
DJI_20240917112545_0423_D.JPG,QingZhou_2024,HIGH,Top1,RoMa,-89.5,95.7,112.5,4.801584523506089,468,1.9287068843841553,0.014646983915759672,0.23584675788879395
DJI_20240917112547_0424_D.JPG,QingZhou_2024,HIGH,Top1,RoMa,-89.5,95.4,112.5,3.5364831657022275,764,1.9411756992340088,0.014932435045960129,0.23348760604858398
DJI_20240917112549_0425_D.JPG,QingZhou_2024,HIGH,Top1,RoMa,-89.5,95.4,112.5,3.4670388547314515,849,1.920706033706665,0.01468240830206102,0.23778748512268066
DJI_20240917112551_0426_D.JPG,QingZhou_2024,HIGH,Top1,RoMa,-89.5,96.2,112.5,3.2895312298136425,672,1.9110603332519531,0.014661799306454866,0.2394545078277588
DJI_20240917112552_0427_D.JPG,QingZhou_2024,HIGH,Top1,RoMa,-89.5,95.2,112.5,5.045105677919402,453,1.9512803554534912,0.015077378160210066,0.23450779914855957
DJI_20240917112554_0428_D.JPG,QingZhou_2024,HIGH,Top1,RoMa,-89.5,97.1,112.6,231.48451954608245,73,1.8287837505340576,0.014647375453602184,0.22681450843811035
DJI_20240917112556_0429_D.JPG,QingZhou_2024,HIGH,Top1,RoMa,-89.5,96.6,112.6,259.9488423448102,14,1.934908390045166,0.015417700343661838,0.2272040843963623
DJI_20240917112557_0430_D.JPG,QingZhou_2024,HIGH,Top1,RoMa,-89.5,97.0,112.6,277.5912453989962,15,1.850001573562622,0.014708332040093162,0.23905014991760254
DJI_20240917112559_0431_D.JPG,QingZhou_2024,HIGH,Top1,RoMa,-89.5,96.7,112.6,229.54627677055484,28,1.9764180183410645,0.015720338291592067,0.23205900192260742
DJI_20240917112601_0432_D.JPG,QingZhou_2024,HIGH,Top1,RoMa,-89.5,96.7,112.6,90.3482455422274,37,2.1282455921173096,0.016837043232387966,0.2602369785308838
DJI_20240917112602_0433_D.JPG,QingZhou_2024,HIGH,Top1,RoMa,-89.5,96.7,112.6,2.6473484151359514,492,2.0559940338134766,0.016328695085313587,0.23578310012817383
DJI_20240917112604_0434_D.JPG,QingZhou_2024,HIGH,Top1,RoMa,-89.5,97.2,112.6,4.294784845179147,502,2.058166980743408,0.016548614392335386,0.2576882839202881
DJI_20240917112605_0435_D.JPG,QingZhou_2024,HIGH,Top1,RoMa,-89.5,88.5,112.6,3.6557958824288814,472,2.203995943069458,0.017981672828847713,0.26702213287353516
DJI_20240917112607_0436_D.JPG,QingZhou_2024,HIGH,Top1,RoMa,-89.5,88.5,112.7,5.246829023199352,567,901.8406393527985,10.23390844193372,0.5098669528961182
DJI_20240917112608_0437_D.JPG,QingZhou_2024,HIGH,Top1,RoMa,-89.5,91.2,112.8,5.338872441241492,120,3.022261142730713,0.019876519402304848,0.9414541721343994
DJI_20240917112610_0438_D.JPG,QingZhou_2024,HIGH,Top1,RoMa,-89.5,93.8,112.7,37.64927566316062,68,1.8165273666381836,0.014993758683794,0.21303582191467285
DJI_20240917112615_0439_D.JPG,QingZhou_2024,HIGH,Top1,RoMa,-89.5,93.8,112.7,1211.805477426772,35,1.796274185180664,0.014557522334409564,0.21554112434387207
DJI_20240917112619_0440_D.JPG,QingZhou_2024,HIGH,Top1,RoMa,-89.5,-0.2,111.8,168.59374599956703,67,1.8829879760742188,0.01436119472857603,0.21554064750671387
DJI_20240917112621_0441_D.JPG,QingZhou_2024,HIGH,Top1,RoMa,-77.9,-0.2,111.9,5.235329004403487,126,1.7839763164520264,0.014543720845426067,0.2145538330078125
DJI_20240917112636_0445_D.JPG,QingZhou_2024,HIGH,Top1,RoMa,-46.0,-67.5,111.6,10.638567142447462,67,1.2485411167144775,0.015073275566101075,0.21015667915344238
DJI_20240917112709_0455_D.JPG,QingZhou_2024,HIGH,Top1,RoMa,-33.5,-96.0,111.6,86.87246775654863,10,3.2482805252075195,0.012522814566628975,0.21754932403564453
DJI_20240917112712_0456_D.JPG,QingZhou_2024,HIGH,Top1,RoMa,-31.0,-96.0,111.6,75.26580323401868,55,3.0565357208251953,0.0129789585020484,0.21953630447387695
DJI_20240917112713_0457_D.JPG,QingZhou_2024,HIGH,Top1,RoMa,-30.2,-96.0,111.5,79.51050168730829,38,2.9672629833221436,0.01273793130371701,0.21990299224853516
DJI_20240917112715_0458_D.JPG,QingZhou_2024,HIGH,Top1,RoMa,-30.2,-109.4,111.6,363.15146418489036,53,2.7362208366394043,0.013085639676568228,0.21485495567321777
DJI_20240917112717_0459_D.JPG,QingZhou_2024,HIGH,Top1,RoMa,-30.2,-109.4,111.6,6.721666188826324,49,2.7484562397003174,0.01297869629034117,0.2402355670928955
DJI_20240917112746_0465_D.JPG,QingZhou_2024,HIGH,Top1,RoMa,-35.0,-94.9,111.4,360.2142891397339,53,1.1419618129730225,0.0156664346393786,0.23056745529174805
DJI_20240917112750_0466_D.JPG,QingZhou_2024,HIGH,Top1,RoMa,-49.5,-94.9,111.4,302.2588684613533,6,1.422668218612671,0.015222750212016859,0.21942400932312012
DJI_20240917112754_0467_D.JPG,QingZhou_2024,HIGH,Top1,RoMa,-90.0,-94.9,111.4,17.02743294074864,89,2.092545986175537,0.014820782037881704,0.23254799842834473
DJI_20240917112756_0468_D.JPG,QingZhou_2024,HIGH,Top1,RoMa,-90.0,-94.9,111.4,6.2110018406460155,155,2.1006686687469482,0.01477951269883376,0.2364499568939209
DJI_20240917112758_0469_D.JPG,QingZhou_2024,HIGH,Top1,RoMa,-90.0,-94.9,111.4,7.7146936408253515,170,2.1177685260772705,0.015014964800614577,0.23755455017089844
DJI_20240917112800_0470_D.JPG,QingZhou_2024,HIGH,Top1,RoMa,-90.0,-94.9,111.4,7.754436170126951,174,2.093499183654785,0.014808989488161527,0.23369455337524414
DJI_20240917112802_0471_D.JPG,QingZhou_2024,HIGH,Top1,RoMa,-90.0,-94.9,111.4,4.894600205397511,191,2.1059815883636475,0.014970616652415348,0.22995305061340332
DJI_20240917112805_0472_D.JPG,QingZhou_2024,HIGH,Top1,RoMa,-90.0,-85.2,111.4,1.3662062739656764,445,2.0982131958007812,0.015022900498029098,0.23241758346557617
DJI_20240917112808_0473_D.JPG,QingZhou_2024,HIGH,Top1,RoMa,-90.0,-81.7,111.4,2.739551647062767,363,2.0293798446655273,0.014975693761085977,0.231032133102417
DJI_20240917112809_0474_D.JPG,QingZhou_2024,HIGH,Top1,RoMa,-90.0,-81.7,111.4,4.0220684344627475,479,2.0289366245269775,0.01506131765793781,0.23207616806030273
DJI_20240917112811_0475_D.JPG,QingZhou_2024,HIGH,Top1,RoMa,-90.0,-82.1,111.4,2.540355241663835,488,2.0242927074432373,0.014777889155378246,0.23146915435791016
DJI_20240917112813_0476_D.JPG,QingZhou_2024,HIGH,Top1,RoMa,-90.0,-82.2,111.4,46.80885455162971,82,1.963890552520752,0.01457848452558421,0.21604013442993164
DJI_20240917112815_0477_D.JPG,QingZhou_2024,HIGH,Top1,RoMa,-90.0,-82.2,111.4,3.0912384753949955,451,1.9009015560150146,0.01429231239087654,0.21640753746032715
DJI_20240917112817_0478_D.JPG,QingZhou_2024,HIGH,Top1,RoMa,-90.0,-82.1,111.4,4.190738116612109,447,1.9036331176757812,0.014306212916518703,0.21254372596740723
DJI_20240917112818_0479_D.JPG,QingZhou_2024,HIGH,Top1,RoMa,-90.0,-82.2,111.4,0.6410358341779461,333,1.899364709854126,0.014275666439171993,0.2110300064086914
DJI_20240917112820_0480_D.JPG,QingZhou_2024,HIGH,Top1,RoMa,-90.0,-82.0,111.4,3.6047984701312923,360,1.9403648376464844,0.014478769302368164,0.21445345878601074
DJI_20240917112823_0481_D.JPG,QingZhou_2024,HIGH,Top1,RoMa,-90.0,-83.8,111.4,3.131333146446225,316,1.9848015308380127,0.014374342619204054,0.22603893280029297
DJI_20240917112824_0482_D.JPG,QingZhou_2024,HIGH,Top1,RoMa,-90.0,-83.6,111.4,6.23736058665614,30,1.97432279586792,0.01454768928827024,0.21753811836242676
DJI_20240917112826_0483_D.JPG,QingZhou_2024,HIGH,Top1,RoMa,-90.0,-83.0,111.4,37.252509767188506,9,1.9566125869750977,0.014647023677825928,0.21404552459716797
DJI_20240917112828_0484_D.JPG,QingZhou_2024,HIGH,Top1,RoMa,-90.0,-83.0,111.4,30.770955046306053,33,1.9635262489318848,0.014748415946960448,0.21350646018981934
DJI_20240917112830_0485_D.JPG,QingZhou_2024,HIGH,Top1,RoMa,-90.0,-83.0,111.4,4.522208494976677,656,1.9253735542297363,0.01416767120361328,0.21654224395751953
DJI_20240917112832_0486_D.JPG,QingZhou_2024,HIGH,Top1,RoMa,-90.0,-83.7,111.4,4.329818968799139,503,1.9872033596038818,0.014582138435513365,0.21904301643371582
DJI_20240917112839_0487_D.JPG,QingZhou_2024,HIGH,Top1,RoMa,-66.3,-172.4,108.3,2.3881259489262474,358,1.817011833190918,0.014821746376123322,0.21816730499267578
DJI_20240917112842_0488_D.JPG,QingZhou_2024,HIGH,Top1,RoMa,-60.5,-172.4,108.3,3.577701288196447,360,1.5943474769592285,0.014384957102986125,0.21120119094848633
DJI_20240917113008_0507_D.JPG,QingZhou_2024,HIGH,Top1,RoMa,-41.8,161.8,107.8,13.800448812701088,88,1.150242805480957,0.014825317594740126,0.20517992973327637
DJI_20240917113014_0509_D.JPG,QingZhou_2024,HIGH,Top1,RoMa,-30.1,146.4,107.7,4.154325450698193,82,0.9448890686035156,0.016554151262555803,0.20430922508239746
DJI_20240917113016_0510_D.JPG,QingZhou_2024,HIGH,Top1,RoMa,-30.1,146.4,107.7,536.2949578191033,27,0.937307596206665,0.016047877924782888,0.21002769470214844
DJI_20240917113019_0511_D.JPG,QingZhou_2024,HIGH,Top1,RoMa,-30.1,146.4,107.6,23.382146049189004,21,0.9313743114471436,0.016059364591326033,0.20555830001831055
DJI_20240917113020_0512_D.JPG,QingZhou_2024,HIGH,Top1,RoMa,-30.1,146.4,108.3,422.70087924771855,114,1.087568759918213,0.016155813421521868,0.3627126216888428
DJI_20240917113022_0513_D.JPG,QingZhou_2024,HIGH,Top1,RoMa,-30.1,146.4,108.3,10.275687334642873,68,0.9361984729766846,0.01623459373201643,0.2030348777770996
DJI_20240917113025_0514_D.JPG,QingZhou_2024,HIGH,Top1,RoMa,-30.1,146.4,108.3,71.7955770459826,109,0.9725351333618164,0.016872508185250417,0.22406959533691406
DJI_20240917113027_0515_D.JPG,QingZhou_2024,HIGH,Top1,RoMa,-30.1,146.4,108.3,239.58648908278911,57,1.005195140838623,0.017065610204424177,0.2118086814880371
DJI_20240917113029_0516_D.JPG,QingZhou_2024,HIGH,Top1,RoMa,-30.1,146.4,108.3,58.036961354035846,176,0.979323148727417,0.016346514225006104,0.21603870391845703
DJI_20240917113034_0518_D.JPG,QingZhou_2024,HIGH,Top1,RoMa,-45.5,145.3,113.7,291.56058602427294,16,1.2516429424285889,0.01557978524102105,0.236372709274292
DJI_20240917113038_0519_D.JPG,QingZhou_2024,HIGH,Top1,RoMa,-90.0,145.3,114.2,170.56353727575507,8,1.684201955795288,0.014734271245125012,0.22486352920532227
DJI_20240917113040_0520_D.JPG,QingZhou_2024,HIGH,Top1,RoMa,-90.0,145.3,114.1,199.57302322054318,7,1.6972081661224365,0.014736703679531435,0.2284553050994873
DJI_20240917113041_0521_D.JPG,QingZhou_2024,HIGH,Top1,RoMa,-90.0,139.1,114.1,75.98915993856035,21,1.7045619487762451,0.01460948884487152,0.22454214096069336
DJI_20240917113043_0522_D.JPG,QingZhou_2024,HIGH,Top1,RoMa,-90.0,125.5,114.1,63.90479508116132,104,1.6835641860961914,0.014605452742757676,0.22504901885986328
DJI_20240917113045_0523_D.JPG,QingZhou_2024,HIGH,Top1,RoMa,-77.1,125.5,114.2,160.14857071938818,6,1.6270291805267334,0.014937475936053551,0.22503018379211426
DJI_20240917113047_0524_D.JPG,QingZhou_2024,HIGH,Top1,RoMa,-73.2,125.5,114.1,54.78286609667673,12,1.6449718475341797,0.015502012951273314,0.22256255149841309
DJI_20240917113049_0525_D.JPG,QingZhou_2024,HIGH,Top1,RoMa,-73.2,115.4,114.1,24.359048770772514,6,1.6167278289794922,0.014673378016497637,0.2249894142150879
DJI_20240917113051_0526_D.JPG,QingZhou_2024,HIGH,Top1,RoMa,-65.2,107.9,114.1,116.56481043185124,9,1.5467710494995117,0.014845855095807244,0.22503018379211426
DJI_20240917113054_0527_D.JPG,QingZhou_2024,HIGH,Top1,RoMa,-58.1,107.9,114.2,154.05219080977773,79,1.5078704357147217,0.015667415056072297,0.2250363826751709
DJI_20240917113057_0528_D.JPG,QingZhou_2024,HIGH,Top1,RoMa,-58.1,42.0,114.0,446.5909152973542,43,1.4339430332183838,0.01532054769581762,0.22551774978637695
DJI_20240917113059_0529_D.JPG,QingZhou_2024,HIGH,Top1,RoMa,-47.8,7.1,114.1,13.402791399985697,121,1.4661359786987305,0.015761613845825195,0.22567510604858398
DJI_20240917113101_0530_D.JPG,QingZhou_2024,HIGH,Top1,RoMa,-38.6,7.5,114.1,327.30329382537235,18,1.2902214527130127,0.015842904435827376,0.21954035758972168
DJI_20240917113105_0531_D.JPG,QingZhou_2024,HIGH,Top1,RoMa,-37.6,-5.0,114.1,9.560609171882744,80,1.2247889041900635,0.015780970107677372,0.21963834762573242
DJI_20240917113119_0536_D.JPG,QingZhou_2024,HIGH,Top1,RoMa,-38.0,-62.2,113.9,12.59444139665413,75,1.1516938209533691,0.016111638094927813,0.2247450351715088
DJI_20240917113121_0537_D.JPG,QingZhou_2024,HIGH,Top1,RoMa,-45.3,-62.3,105.7,47.129598945947514,51,1.3679029941558838,0.01559444193570119,0.2205491065979004
DJI_20240917113124_0538_D.JPG,QingZhou_2024,HIGH,Top1,RoMa,-54.0,-62.3,95.8,21.487771252900426,134,1.753516674041748,0.014800036395037616,0.22554445266723633
DJI_20240917113127_0539_D.JPG,QingZhou_2024,HIGH,Top1,RoMa,-59.1,-62.4,85.9,8.403622885708232,209,2.077674627304077,0.01431727632183895,0.23195457458496094
DJI_20240917113130_0540_D.JPG,QingZhou_2024,HIGH,Top1,RoMa,-59.1,-62.4,74.2,6.622733273637095,541,2.5303244590759277,0.01426604840395262,0.23928093910217285
DJI_0442.JPG,Qingzhou_3_2,HIGH,Top1,RoMa,-44.9,87.6,193.1,11.564080651595388,326,1.035905122756958,0.0200194751515108,0.22380566596984863
DJI_0443.JPG,Qingzhou_3_2,HIGH,Top1,RoMa,-44.9,87.6,191.7,7.564525564158552,375,1.0448856353759766,0.020071001613841337,0.2319808006286621
DJI_0444.JPG,Qingzhou_3_2,HIGH,Top1,RoMa,-44.9,87.1,189.3,4.876889001810371,468,1.0283336639404297,0.01905532444224638,0.22737693786621094
DJI_0445.JPG,Qingzhou_3_2,HIGH,Top1,RoMa,-44.9,86.6,186.7,5.427605298004314,274,1.0187766551971436,0.019502471475040212,0.22554707527160645
DJI_0446.JPG,Qingzhou_3_2,HIGH,Top1,RoMa,-44.9,87.2,184.5,6.908624404032657,377,1.057720422744751,0.02109341060414034,0.22705602645874023
DJI_0447.JPG,Qingzhou_3_2,HIGH,Top1,RoMa,-44.9,87.2,183.6,25.022120220038016,83,1.0212697982788086,0.01979968127082376,0.23562383651733398
DJI_0448.JPG,Qingzhou_3_2,HIGH,Top1,RoMa,-44.9,87.2,181.8,2.587525495193701,399,1.0546410083770752,0.020504418541403377,0.2264852523803711
DJI_0449.JPG,Qingzhou_3_2,HIGH,Top1,RoMa,-44.9,87.2,180.1,5.7287556628024765,415,1.0886571407318115,0.019384973189410043,0.2705545425415039
DJI_0450.JPG,Qingzhou_3_2,HIGH,Top1,RoMa,-44.9,87.2,175.0,4.447657130240301,303,1.04976224899292,0.020452218897202435,0.2331833839416504
DJI_0451.JPG,Qingzhou_3_2,HIGH,Top1,RoMa,-44.9,87.3,174.4,4.262180866310105,501,1.1014220714569092,0.02137013042674345,0.26703524589538574
DJI_0452.JPG,Qingzhou_3_2,HIGH,Top1,RoMa,-44.9,87.3,174.4,2.1759703182844548,501,1.0640628337860107,0.021093368530273438,0.22139883041381836
DJI_0453.JPG,Qingzhou_3_2,HIGH,Top1,RoMa,-44.9,87.3,174.4,5.161721225379206,514,1.0874130725860596,0.019915047813864314,0.26003432273864746
DJI_0454.JPG,Qingzhou_3_2,HIGH,Top1,RoMa,-44.9,87.3,174.5,5.99199628154085,352,1.082735300064087,0.020479524836820716,0.2392408847808838
DJI_0455.JPG,Qingzhou_3_2,HIGH,Top1,RoMa,-44.9,87.2,174.7,3.562194608512697,730,1.0580518245697021,0.020250811296350816,0.24654674530029297
DJI_0456.JPG,Qingzhou_3_2,HIGH,Top1,RoMa,-44.9,87.1,174.6,3.3105178612430954,390,1.046804428100586,0.0204162176917581,0.22515249252319336
DJI_0457.JPG,Qingzhou_3_2,HIGH,Top1,RoMa,-44.9,85.6,174.6,6.977373278219227,329,1.0699398517608643,0.02020988744847915,0.24259543418884277
DJI_0458.JPG,Qingzhou_3_2,HIGH,Top1,RoMa,-44.9,85.6,174.6,5.799741033374484,599,1.0904216766357422,0.021004845114315256,0.22913861274719238
DJI_0459.JPG,Qingzhou_3_2,HIGH,Top1,RoMa,-44.9,85.6,174.5,6.421341745254986,452,1.0980253219604492,0.020093314787920785,0.2280287742614746
DJI_0460.JPG,Qingzhou_3_2,HIGH,Top1,RoMa,-44.9,85.6,174.5,3.4007355013020595,406,1.052475929260254,0.020180828431073355,0.23131251335144043
DJI_0461.JPG,Qingzhou_3_2,HIGH,Top1,RoMa,-44.9,85.6,174.5,6.49323015989669,377,1.206099271774292,0.019385520149679744,0.3810768127441406
DJI_0462.JPG,Qingzhou_3_2,HIGH,Top1,RoMa,-44.9,85.6,174.6,5.626542802865235,502,1.0623948574066162,0.020217572941499597,0.23810744285583496
DJI_0463.JPG,Qingzhou_3_2,HIGH,Top1,RoMa,-44.9,85.5,174.5,5.342088443624174,457,1.0609278678894043,0.02123121654286104,0.22554731369018555
DJI_0464.JPG,Qingzhou_3_2,HIGH,Top1,RoMa,-44.9,85.5,174.5,6.074218192518589,593,1.084500789642334,0.021148331025067496,0.23504114151000977
DJI_0465.JPG,Qingzhou_3_2,HIGH,Top1,RoMa,-44.9,86.9,174.4,7.343075155703866,420,1.0507829189300537,0.020562171936035156,0.23145365715026855
DJI_0466.JPG,Qingzhou_3_2,HIGH,Top1,RoMa,-44.9,86.9,174.5,13.35203092143704,472,1.073563575744629,0.020651059992173138,0.23978781700134277
DJI_0467.JPG,Qingzhou_3_2,HIGH,Top1,RoMa,-65.3,86.9,174.8,3.063828531719807,503,1.151155710220337,0.019035855929056805,0.23603177070617676
DJI_0468.JPG,Qingzhou_3_2,HIGH,Top1,RoMa,-65.3,86.9,174.7,4.389775643543048,523,1.186138391494751,0.019072771072387695,0.22055292129516602
DJI_0469.JPG,Qingzhou_3_2,HIGH,Top1,RoMa,-65.3,86.9,174.7,1.446932146764215,468,1.1367073059082031,0.018191297849019367,0.22055649757385254
DJI_0470.JPG,Qingzhou_3_2,HIGH,Top1,RoMa,-65.3,87.1,174.6,40.975194163348476,11,1.177901268005371,0.01876235008239746,0.23045659065246582
DJI_0471.JPG,Qingzhou_3_2,HIGH,Top1,RoMa,-65.3,93.2,174.6,158.5136262559979,70,1.1503822803497314,0.0181862735748291,0.2236623764038086
DJI_0472.JPG,Qingzhou_3_2,HIGH,Top1,RoMa,-65.3,93.0,174.6,86.13379613439112,12,1.1795425415039062,0.018530569076538085,0.23369455337524414
DJI_0473.JPG,Qingzhou_3_2,HIGH,Top1,RoMa,-65.3,91.9,174.6,47.53519484862064,9,1.1600151062011719,0.01887113571166992,0.2190093994140625
DJI_0474.JPG,Qingzhou_3_2,HIGH,Top1,RoMa,-65.3,91.5,174.6,781.7105605208089,28,1.1333718299865723,0.018177022104677948,0.23585915565490723
DJI_0475.JPG,Qingzhou_3_2,HIGH,Top1,RoMa,-65.3,91.3,174.7,90.05140582360524,33,1.1181855201721191,0.01831916104192319,0.2167813777923584
DJI_0505.JPG,Qingzhou_3_2,HIGH,Top1,RoMa,-90.0,178.8,175.9,478.221946056419,43,1.1383552551269531,0.01712979475657145,0.21454095840454102
DJI_0506.JPG,Qingzhou_3_2,HIGH,Top1,RoMa,-90.0,178.8,176.1,1.6995165956015925,1169,1.2049198150634766,0.016907588640848795,0.2759668827056885
DJI_0507.JPG,Qingzhou_3_2,HIGH,Top1,RoMa,-90.0,-179.5,176.3,2.9991624659784666,1081,1.342895269393921,0.018028780817985535,0.2468864917755127
DJI_0508.JPG,Qingzhou_3_2,HIGH,Top1,RoMa,-89.9,-178.8,176.3,489.02655371337477,15,1.273193597793579,0.017785008748372397,0.22668004035949707
DJI_0509.JPG,Qingzhou_3_2,HIGH,Top1,RoMa,-89.9,-178.6,176.3,1.5698650089961057,1111,1.2938146591186523,0.017568031946818035,0.24152016639709473
DJI_0510.JPG,Qingzhou_3_2,HIGH,Top1,RoMa,-90.0,-177.1,176.4,2.306920033986997,1321,1.3408002853393555,0.017135229375627305,0.22990846633911133
DJI_0511.JPG,Qingzhou_3_2,HIGH,Top1,RoMa,-90.0,-176.3,176.5,1.9154052772678636,1097,1.3082847595214844,0.017241421867819393,0.2178788185119629
DJI_0512.JPG,Qingzhou_3_2,HIGH,Top1,RoMa,-89.9,-176.2,176.3,1.9376856862142033,1348,1.2834017276763916,0.016994329059825224,0.22103571891784668
DJI_0513.JPG,Qingzhou_3_2,HIGH,Top1,RoMa,-89.9,-176.0,176.1,1.2870403944046123,1301,1.2891240119934082,0.017466327723334816,0.21566152572631836
DJI_0514.JPG,Qingzhou_3_2,HIGH,Top1,RoMa,-89.9,-175.8,176.0,0.9330397349736372,1132,1.2893800735473633,0.017692152191610896,0.22456955909729004
DJI_0515.JPG,Qingzhou_3_2,HIGH,Top1,RoMa,-90.0,-175.4,176.1,2.779039202272018,1162,1.3457419872283936,0.01754586135639864,0.23561692237854004
DJI_0516.JPG,Qingzhou_3_2,HIGH,Top1,RoMa,-89.9,-175.4,176.1,0.5850248340244185,966,1.3042287826538086,0.017389052054461313,0.24250030517578125
DJI_0517.JPG,Qingzhou_3_2,HIGH,Top1,RoMa,-90.0,-175.4,176.1,1.9739013483150358,1032,1.2967464923858643,0.017347307766185087,0.2306075096130371
DJI_0518.JPG,Qingzhou_3_2,HIGH,Top1,RoMa,-89.9,-175.4,176.0,2.6983914272155594,920,1.3075098991394043,0.016956729047438678,0.22155523300170898
DJI_0519.JPG,Qingzhou_3_2,HIGH,Top1,RoMa,-89.9,-175.5,176.1,1.531620190442583,1082,1.3424334526062012,0.017816894194659066,0.23703265190124512
DJI_0520.JPG,Qingzhou_3_2,HIGH,Top1,RoMa,-89.9,-176.2,176.2,1.691389529498649,1143,1.3239006996154785,0.017667798434986788,0.22442293167114258
DJI_0521.JPG,Qingzhou_3_2,HIGH,Top1,RoMa,-90.0,-177.1,176.3,1.0824613109467291,1137,1.4459609985351562,0.01798334386613634,0.2703208923339844
DJI_0522.JPG,Qingzhou_3_2,HIGH,Top1,RoMa,-90.0,-178.6,176.3,2.1834458079037504,815,1.3987908363342285,0.019314018885294597,0.2698936462402344
DJI_0523.JPG,Qingzhou_3_2,HIGH,Top1,RoMa,-90.0,-178.6,175.8,3.814010702670768,995,1.29044771194458,0.018174250920613606,0.24966788291931152
DJI_0524.JPG,Qingzhou_3_2,HIGH,Top1,RoMa,-89.9,-178.8,175.9,1.537646075431593,949,1.2605054378509521,0.017703803380330403,0.22734665870666504
DJI_0525.JPG,Qingzhou_3_2,HIGH,Top1,RoMa,-89.9,-178.8,176.2,1.7006110563499466,908,1.2773492336273193,0.017812196413675943,0.22954607009887695
DJI_0526.JPG,Qingzhou_3_2,HIGH,Top1,RoMa,-89.9,-179.2,176.4,2.2931497070957807,886,1.2512998580932617,0.017349958419799805,0.22603368759155273
DJI_0527.JPG,Qingzhou_3_2,HIGH,Top1,RoMa,-90.0,173.9,176.4,3.4920672622601043,968,1.2848000526428223,0.016900981173795813,0.21712017059326172
DJI_0528.JPG,Qingzhou_3_2,HIGH,Top1,RoMa,-90.0,173.9,176.5,2.6890711507204554,908,1.2964439392089844,0.01691772657282212,0.24002909660339355
DJI_0529.JPG,Qingzhou_3_2,HIGH,Top1,RoMa,-89.9,173.9,176.5,2.4259275557052993,599,1.2780876159667969,0.017054087975445914,0.22054672241210938
DJI_0532.JPG,QZ_SongCity,HIGH,Top1,RoMa,-90.0,-13.5,119.8,0.45628284094868893,1360,2.408175230026245,0.026063654157850478,0.9989128112792969
DJI_0533.JPG,QZ_SongCity,HIGH,Top1,RoMa,-89.9,-136.2,119.9,0.862833543553342,1519,1.0590851306915283,0.017806938716343472,0.20087242126464844
DJI_0534.JPG,QZ_SongCity,HIGH,Top1,RoMa,-89.9,-138.4,119.5,0.685607690120432,1819,0.9309394359588623,0.015046215057373047,0.20192289352416992
DJI_0535.JPG,QZ_SongCity,HIGH,Top1,RoMa,-89.9,-138.7,119.2,3.7002833574163105,1934,0.9368493556976318,0.015013245173863002,0.20194721221923828
DJI_0536.JPG,QZ_SongCity,HIGH,Top1,RoMa,-89.9,-139.4,119.4,1.5473722539025845,1904,0.9381983280181885,0.015208162580217633,0.20041728019714355
DJI_0537.JPG,QZ_SongCity,HIGH,Top1,RoMa,-90.0,-140.1,119.5,5.0723574257161665,1809,0.9409375190734863,0.015040779113769531,0.2022414207458496
DJI_0538.JPG,QZ_SongCity,HIGH,Top1,RoMa,-89.9,-140.6,119.3,0.16801806672096692,1899,0.9490771293640137,0.015144068854195732,0.20354366302490234
DJI_0539.JPG,QZ_SongCity,HIGH,Top1,RoMa,-89.9,-140.8,119.4,2.067335813922135,1737,0.9814677238464355,0.015575865904490152,0.20665311813354492
DJI_0540.JPG,QZ_SongCity,HIGH,Top1,RoMa,-89.9,-140.8,119.4,0.7705523425981816,1744,0.9932715892791748,0.0157265928056505,0.2132096290588379
DJI_0541.JPG,QZ_SongCity,HIGH,Top1,RoMa,-89.9,95.5,119.4,0.2912645822206873,1565,1.0773417949676514,0.015463107969702744,0.21626758575439453
DJI_0542.JPG,QZ_SongCity,HIGH,Top1,RoMa,-89.9,91.7,119.3,0.47705656805681096,1585,1.1785547733306885,0.016292683283487954,0.21597504615783691
DJI_0543.JPG,QZ_SongCity,HIGH,Top1,RoMa,-89.9,90.1,119.2,0.8898196495761129,1776,1.0187764167785645,0.015478817192283837,0.212510347366333
DJI_0544.JPG,QZ_SongCity,HIGH,Top1,RoMa,-90.0,90.0,119.3,1.8542401287826569,1797,1.0207974910736084,0.015588934357101852,0.21149468421936035
DJI_0545.JPG,QZ_SongCity,HIGH,Top1,RoMa,-89.9,89.9,119.3,0.4622450517254931,1839,1.0292954444885254,0.01601982761073757,0.21375799179077148
DJI_0546.JPG,QZ_SongCity,HIGH,Top1,RoMa,-89.9,89.8,119.3,1.950794344925361,1549,1.0420541763305664,0.01590223570127745,0.21766948699951172
DJI_0547.JPG,QZ_SongCity,HIGH,Top1,RoMa,-89.9,89.9,119.4,0.5250942181981539,1768,1.033721685409546,0.01595300597113532,0.2111954689025879
DJI_0548.JPG,QZ_SongCity,HIGH,Top1,RoMa,-89.9,89.9,119.4,0.7098694789924873,2112,1.0349094867706299,0.015919266520319757,0.21527504920959473
DJI_0549.JPG,QZ_SongCity,HIGH,Top1,RoMa,-89.9,89.8,119.3,0.7745834903856023,1905,1.0231683254241943,0.015863934078732052,0.21131253242492676
DJI_0550.JPG,QZ_SongCity,HIGH,Top1,RoMa,-90.0,89.8,119.4,1.4837288427091146,1810,1.0275800228118896,0.015692478901631123,0.21231961250305176
DJI_0551.JPG,QZ_SongCity,HIGH,Top1,RoMa,-90.0,89.9,119.4,0.11138355034574156,1767,1.022700309753418,0.015626585161363758,0.2158949375152588
DJI_0552.JPG,QZ_SongCity,HIGH,Top1,RoMa,-90.0,90.0,119.3,1.0498087994655554,1861,1.03257155418396,0.015980469213949668,0.21270275115966797
DJI_0553.JPG,QZ_SongCity,HIGH,Top1,RoMa,-89.9,90.0,119.2,1.5000150082683192,1668,1.0291123390197754,0.015699135290609824,0.21180129051208496
DJI_0554.JPG,QZ_SongCity,HIGH,Top1,RoMa,-89.9,90.0,119.3,2.3563496168825915,1560,1.0233349800109863,0.01544079909453521,0.21077299118041992
DJI_0555.JPG,QZ_SongCity,HIGH,Top1,RoMa,-89.9,92.7,119.4,0.6269356725551537,1601,1.1382741928100586,0.015372737248738607,0.21407222747802734
DJI_0556.JPG,QZ_SongCity,HIGH,Top1,RoMa,-89.9,92.3,119.3,1.529548755859738,1562,1.15614652633667,0.01571377118428548,0.214249849319458
DJI_0557.JPG,QZ_SongCity,HIGH,Top1,RoMa,-89.9,91.1,119.3,0.5705815375493805,1729,1.1483895778656006,0.015425909890068902,0.22069478034973145
DJI_0558.JPG,QZ_SongCity,HIGH,Top1,RoMa,-89.9,89.9,119.5,0.9258347099491843,1770,1.0348594188690186,0.01616517917529957,0.21091747283935547
DJI_0559.JPG,QZ_SongCity,HIGH,Top1,RoMa,-90.0,90.6,119.4,0.6696091205447904,1132,1.112131118774414,0.015586027284947837,0.2374436855316162
DJI_0560.JPG,QZ_SongCity,HIGH,Top1,RoMa,-90.0,90.0,119.4,3.0714301360608967,1843,1.018019437789917,0.015716404528231233,0.21203041076660156
DJI_0561.JPG,QZ_SongCity,HIGH,Top1,RoMa,-89.9,89.8,119.6,2.9038045647978565,1754,0.9767487049102783,0.015426326442409205,0.20511674880981445
DJI_0562.JPG,QZ_SongCity,HIGH,Top1,RoMa,-89.9,90.0,119.4,3.0882462886193185,1593,0.9662721157073975,0.015237730902594488,0.2023298740386963
DJI_0563.JPG,QZ_SongCity,HIGH,Top1,RoMa,-90.0,90.3,119.5,2.097977473869382,1684,0.9750568866729736,0.015364975542635531,0.1996479034423828
DJI_0564.JPG,QZ_SongCity,HIGH,Top1,RoMa,-89.9,90.2,119.5,1.3790419151520834,1033,0.9672720432281494,0.015095382123380094,0.1994009017944336
DJI_0565.JPG,QZ_SongCity,HIGH,Top1,RoMa,-89.9,90.2,119.4,0.8302106178190277,1958,0.9780857563018799,0.015511892937325142,0.2023932933807373
DJI_0566.JPG,QZ_SongCity,HIGH,Top1,RoMa,-89.9,90.0,119.4,1.00227333550536,1662,0.9688568115234375,0.015185175715266046,0.2043750286102295
DJI_0567.JPG,QZ_SongCity,HIGH,Top1,RoMa,-89.9,89.8,119.4,0.7409880623119022,1802,0.9677267074584961,0.015242460611704233,0.2034909725189209
DJI_0568.JPG,QZ_SongCity,HIGH,Top1,RoMa,-89.9,89.8,119.5,3.1141266693718173,1844,0.9763298034667969,0.015382122349094701,0.20105504989624023
DJI_0569.JPG,QZ_SongCity,HIGH,Top1,RoMa,-89.9,90.1,119.3,2.822884662827827,1796,0.9849522113800049,0.0156800618042817,0.20068883895874023
DJI_0570.JPG,QZ_SongCity,HIGH,Top1,RoMa,-90.0,90.0,119.3,2.942858768331346,1618,0.9745528697967529,0.01535992364625673,0.20035982131958008
DJI_0571.JPG,QZ_SongCity,HIGH,Top1,RoMa,-89.9,88.3,119.4,4.162669079841344,1738,1.2180068492889404,0.01493693987528483,0.32210707664489746
DJI_0572.JPG,QZ_SongCity,HIGH,Top1,RoMa,-89.9,89.3,119.3,3.793664548264966,1498,1.016737461090088,0.014953781918781559,0.1997990608215332
DJI_0573.JPG,QZ_SongCity,HIGH,Top1,RoMa,-90.0,90.2,119.3,2.953154063290568,1603,0.9624874591827393,0.014995736044806402,0.20261025428771973
DJI_0574.JPG,QZ_SongCity,HIGH,Top1,RoMa,-89.9,88.8,119.1,0.9186045877248534,1530,1.0822761058807373,0.01503518952263726,0.2030031681060791
DJI_0575.JPG,QZ_SongCity,HIGH,Top1,RoMa,-89.9,89.0,119.4,2.063605298073397,1325,1.0674185752868652,0.014648649427625868,0.20336651802062988
DJI_0576.JPG,QZ_SongCity,HIGH,Top1,RoMa,-89.9,90.0,119.3,1.8597204616037355,1492,0.9701693058013916,0.015307761527396537,0.2012641429901123
DJI_0577.JPG,QZ_SongCity,HIGH,Top1,RoMa,-89.9,90.5,119.3,1.783071784804041,1589,1.0248758792877197,0.015294662336023843,0.20061755180358887
DJI_0578.JPG,QZ_SongCity,HIGH,Top1,RoMa,-89.9,90.3,119.2,1.0884478786407619,1642,0.9835484027862549,0.015220585622285543,0.20203924179077148
DJI_0579.JPG,QZ_SongCity,HIGH,Top1,RoMa,-90.0,90.0,119.4,2.2386244315725126,1410,1.0042915344238281,0.01585790273305532,0.2028796672821045
DJI_0580.JPG,QZ_SongCity,HIGH,Top1,RoMa,-89.9,90.0,119.3,1.2458203499899516,1377,0.9800207614898682,0.015460723155253642,0.20098423957824707
DJI_0581.JPG,QZ_SongCity,HIGH,Top1,RoMa,-89.9,89.8,119.2,1.8301183251721658,1116,0.9712541103363037,0.0152304559140592,0.2028646469116211
DJI_0582.JPG,QZ_SongCity,HIGH,Top1,RoMa,-90.0,89.8,119.2,1.2406723930362356,1250,0.9705142974853516,0.015242821461445576,0.2016010284423828
DJI_0583.JPG,QZ_SongCity,HIGH,Top1,RoMa,-89.9,89.8,119.3,1.7493140944104097,1379,0.9708678722381592,0.015234972979571368,0.2020399570465088
DJI_0584.JPG,QZ_SongCity,HIGH,Top1,RoMa,-90.0,89.7,119.3,7.371005326202146,1267,0.9633817672729492,0.01507677258671941,0.20035028457641602
DJI_0585.JPG,QZ_SongCity,HIGH,Top1,RoMa,-89.9,89.8,119.3,2.5253392189778943,1180,0.9671728610992432,0.015157351622710357,0.20110154151916504
DJI_0586.JPG,QZ_SongCity,HIGH,Top1,RoMa,-89.9,93.7,119.2,119.58111417759376,13,1.0488970279693604,0.014916830284650935,0.200181245803833
DJI_0587.JPG,QZ_SongCity,HIGH,Top1,RoMa,-89.9,93.0,119.4,9.486520126969173,41,1.0770916938781738,0.01478155983818902,0.2030494213104248
DJI_0588.JPG,QZ_SongCity,HIGH,Top1,RoMa,-90.0,92.2,119.4,2.747512913712395,1084,1.0900778770446777,0.015124792522854275,0.2033684253692627
DJI_0589.JPG,QZ_SongCity,HIGH,Top1,RoMa,-89.9,91.0,119.4,2.6189023960826296,1253,1.0939950942993164,0.015079980426364475,0.2015235424041748
DJI_0590.JPG,QZ_SongCity,HIGH,Top1,RoMa,-90.0,91.3,119.5,2.63185742787156,1313,1.087265968322754,0.015000136693318684,0.20391368865966797
DJI_0591.JPG,QZ_SongCity,HIGH,Top1,RoMa,-90.0,91.4,119.4,2.7555378995616793,1071,1.0864214897155762,0.015062491099039713,0.20473599433898926
DJI_0592.JPG,QZ_SongCity,HIGH,Top1,RoMa,-89.9,91.4,119.5,102.49331564963305,17,1.1038093566894531,0.015389861000908747,0.20485234260559082
DJI_0593.JPG,QZ_SongCity,HIGH,Top1,RoMa,-90.0,91.3,119.3,92.18037186774222,20,1.0906505584716797,0.015112421247694227,0.2052783966064453
DJI_0594.JPG,QZ_SongCity,HIGH,Top1,RoMa,-89.9,91.3,119.3,58.92104876277914,13,1.0792317390441895,0.01493384043375651,0.20253252983093262
DJI_0595.JPG,QZ_SongCity,HIGH,Top1,RoMa,-89.9,91.3,119.3,5.35070383519855,251,1.0834484100341797,0.015031406614515517,0.20306944847106934
DJI_0596.JPG,QZ_SongCity,HIGH,Top1,RoMa,-89.9,91.2,119.2,1.6248633502754184,1485,1.0770370960235596,0.014866924285888672,0.20312714576721191
DJI_0597.JPG,QZ_SongCity,HIGH,Top1,RoMa,-90.0,91.1,119.1,0.2561775158134907,1213,1.0861337184906006,0.014970583385891384,0.20664310455322266
DJI_0598.JPG,QZ_SongCity,HIGH,Top1,RoMa,-90.0,90.9,119.3,0.9744805702061456,1194,1.091355323791504,0.01505402988857693,0.20661139488220215
DJI_0599.JPG,QZ_SongCity,HIGH,Top1,RoMa,-90.0,90.9,119.3,1.0490661500966392,1402,1.0948355197906494,0.01503236558702257,0.20325446128845215
DJI_0600.JPG,QZ_SongCity,HIGH,Top1,RoMa,-89.9,90.9,119.4,3.253945993929711,1422,1.0288708209991455,0.015087790605498523,0.19988775253295898
DJI_0601.JPG,QZ_SongCity,HIGH,Top1,RoMa,-90.0,90.8,119.4,2.708633067720552,1355,1.0184268951416016,0.01495274683324302,0.20134568214416504
DJI_0602.JPG,QZ_SongCity,HIGH,Top1,RoMa,-89.9,86.6,119.4,0.25783198949275227,1189,1.0648937225341797,0.014845279130068693,0.20255279541015625
DJI_0603.JPG,QZ_SongCity,HIGH,Top1,RoMa,-44.9,136.0,79.3,0.1303547309669057,1715,1.0344526767730713,0.01518375699113055,0.20680952072143555
DJI_0604.JPG,QZ_SongCity,HIGH,Top1,RoMa,-44.9,135.7,94.1,0.26059605909695616,1688,0.8731825351715088,0.015488068262736002,0.19991540908813477
DJI_0605.JPG,QZ_SongCity,HIGH,Top1,RoMa,-44.9,135.5,109.4,0.3447884785646246,1591,0.8126771450042725,0.016090383529663087,0.20114588737487793
DJI_0615.JPG,QZ_SongCity,HIGH,Top1,RoMa,-44.9,179.7,119.3,0.6819868288482133,925,0.8541498184204102,0.01591660295213972,0.20305204391479492
DJI_0616.JPG,QZ_SongCity,HIGH,Top1,RoMa,-44.9,-178.6,119.2,1.795734883785285,848,0.851771354675293,0.01579371520451137,0.2009882926940918
DJI_0617.JPG,QZ_SongCity,HIGH,Top1,RoMa,-44.9,-179.5,119.1,1.4247687668646931,1035,0.8608877658843994,0.01609672818865095,0.20395994186401367
DJI_0618.JPG,QZ_SongCity,HIGH,Top1,RoMa,-44.9,-179.5,119.5,1.3114347432398066,1003,0.8571014404296875,0.015992377485547746,0.200927734375
DJI_0619.JPG,QZ_SongCity,HIGH,Top1,RoMa,-44.9,-179.5,119.3,6.83945261547464,115,0.8615407943725586,0.01601510388510568,0.20111441612243652
DJI_0620.JPG,QZ_SongCity,HIGH,Top1,RoMa,-44.9,-179.6,119.3,11.029577112773302,301,0.8534095287322998,0.015714100428989956,0.20009350776672363
DJI_0621.JPG,QZ_SongCity,HIGH,Top1,RoMa,-44.9,-179.7,119.4,2.2016941599772495,847,0.8595871925354004,0.01617980854851859,0.2009594440460205
DJI_0622.JPG,QZ_SongCity,HIGH,Top1,RoMa,-45.0,179.3,119.4,2.461941162576394,572,0.8526813983917236,0.015800646373203824,0.20197415351867676
DJI_0623.JPG,QZ_SongCity,HIGH,Top1,RoMa,-44.9,-179.8,119.5,1.2006370397874522,614,0.8624768257141113,0.016141670090811595,0.20307421684265137
DJI_0624.JPG,QZ_SongCity,HIGH,Top1,RoMa,-44.9,-179.2,119.4,2.8496825749208567,691,0.8527963161468506,0.015925160476139615,0.20199823379516602
DJI_0625.JPG,QZ_SongCity,HIGH,Top1,RoMa,-44.9,177.2,119.5,1.9013787390591095,885,0.8498673439025879,0.015870579651423862,0.20082306861877441
DJI_0626.JPG,QZ_SongCity,HIGH,Top1,RoMa,-44.9,179.7,119.3,27.011480867443467,74,0.8456330299377441,0.015650161675044467,0.2028043270111084
DJI_0627.JPG,QZ_SongCity,HIGH,Top1,RoMa,-44.9,179.3,119.5,2.2155629148873297,543,0.860569953918457,0.015940657683781216,0.20316219329833984
DJI_0628.JPG,QZ_SongCity,HIGH,Top1,RoMa,-44.9,179.0,119.5,1.9011093830819943,415,0.8610620498657227,0.01616202081952776,0.20098423957824707
DJI_0629.JPG,QZ_SongCity,HIGH,Top1,RoMa,-45.0,179.2,119.4,1.6888522592160142,843,0.8485844135284424,0.015998985086168562,0.2005758285522461
DJI_0630.JPG,QZ_SongCity,HIGH,Top1,RoMa,-44.9,179.5,119.3,0.8804254922936224,1024,0.8439526557922363,0.015595929963248116,0.20187044143676758
DJI_0631.JPG,QZ_SongCity,HIGH,Top1,RoMa,-44.9,179.4,119.4,3.5483781681497124,768,0.8580219745635986,0.016091840607779368,0.2010817527770996
DJI_0632.JPG,QZ_SongCity,HIGH,Top1,RoMa,-45.0,179.8,119.4,2.391280495875492,1069,0.8531451225280762,0.015926309994288852,0.20150279998779297
DJI_0633.JPG,QZ_SongCity,HIGH,Top1,RoMa,-44.9,-179.6,119.5,3.8108755964055563,1018,0.8570289611816406,0.016004749706813266,0.20351552963256836
DJI_0634.JPG,QZ_SongCity,HIGH,Top1,RoMa,-44.9,-179.1,118.9,3.256179384119943,883,0.8507881164550781,0.015814576830182756,0.19974040985107422
DJI_0635.JPG,QZ_SongCity,HIGH,Top1,RoMa,-44.9,179.7,119.6,2.2599053071214206,1038,0.8482053279876709,0.015699710164751326,0.1995842456817627
DJI_0636.JPG,QZ_SongCity,HIGH,Top1,RoMa,-44.9,-179.9,119.5,1.5819897656892068,519,0.8606164455413818,0.016259423324040005,0.20100188255310059
DJI_0637.JPG,QZ_SongCity,HIGH,Top1,RoMa,-44.9,-179.9,119.3,1.8785458364978846,947,0.853646993637085,0.016043032918657576,0.19944262504577637
DJI_0638.JPG,QZ_SongCity,HIGH,Top1,RoMa,-44.9,-179.9,119.4,2.0298919007381255,1239,0.8471176624298096,0.01576730183192662,0.2010788917541504
DJI_0639.JPG,QZ_SongCity,HIGH,Top1,RoMa,-44.9,-179.8,119.3,2.1152991280233255,1120,0.8478455543518066,0.015743928296225413,0.2010650634765625
DJI_0640.JPG,QZ_SongCity,HIGH,Top1,RoMa,-44.9,-179.8,119.3,1.9176994740149194,262,0.8562908172607422,0.0160426242010934,0.2010200023651123
DJI_0641.JPG,QZ_SongCity,HIGH,Top1,RoMa,-45.0,179.9,119.3,2.229801999820212,947,0.8516829013824463,0.015825416360582625,0.20034241676330566
DJI_0642.JPG,QZ_SongCity,HIGH,Top1,RoMa,-44.9,-179.1,119.4,435.3055125223887,75,0.8523805141448975,0.01597992011478969,0.20134854316711426
DJI_0643.JPG,QZ_SongCity,HIGH,Top1,RoMa,-44.9,178.2,119.3,2.006360867488802,1233,0.8527953624725342,0.01598010744367327,0.20250320434570312
DJI_0644.JPG,QZ_SongCity,HIGH,Top1,RoMa,-44.9,179.7,119.3,2.4344221605781713,1299,0.8511056900024414,0.015908360481262207,0.2011127471923828
DJI_0645.JPG,QZ_SongCity,HIGH,Top1,RoMa,-44.9,179.5,119.4,1.9203916395057372,1344,0.8494255542755127,0.015824266842433383,0.20051097869873047
DJI_0646.JPG,QZ_SongCity,HIGH,Top1,RoMa,-44.9,179.3,119.4,2.2181179561351274,1147,0.8517715930938721,0.015772453376225064,0.2028348445892334
DJI_0647.JPG,QZ_SongCity,HIGH,Top1,RoMa,-44.9,179.1,119.4,1.1384749992810301,1380,0.8558251857757568,0.01602139643260411,0.20209836959838867
DJI_0648.JPG,QZ_SongCity,HIGH,Top1,RoMa,-44.9,179.5,119.2,1.1296764331238736,1345,0.8462338447570801,0.01575026341847011,0.20011377334594727
DJI_0649.JPG,QZ_SongCity,HIGH,Top1,RoMa,-44.9,179.2,119.1,0.473718270164864,1270,0.8506424427032471,0.015852579048701694,0.2023472785949707
DJI_0650.JPG,QZ_SongCity,HIGH,Top1,RoMa,-44.9,179.6,119.0,1.5000234524054321,1239,0.8461499214172363,0.015900237219674245,0.1990058422088623
DJI_0651.JPG,QZ_SongCity,HIGH,Top1,RoMa,-44.9,-178.6,119.2,0.48332393815256114,1222,0.850304126739502,0.015536010265350342,0.20306944847106934
DJI_0652.JPG,QZ_SongCity,HIGH,Top1,RoMa,-44.9,-179.4,119.4,0.6079980840286864,1344,0.8594532012939453,0.016103880746023997,0.20151948928833008
DJI_0653.JPG,QZ_SongCity,HIGH,Top1,RoMa,-44.9,-179.7,119.3,0.7042407339008142,1331,0.8518145084381104,0.015938213893345425,0.19989705085754395
DJI_0654.JPG,QZ_SongCity,HIGH,Top1,RoMa,-44.9,-179.9,119.4,0.37429812250456834,1459,0.8462281227111816,0.0158769999231611,0.19756460189819336
DJI_0655.JPG,QZ_SongCity,HIGH,Top1,RoMa,-44.9,-179.9,119.4,0.31880842569006457,1341,0.851825475692749,0.015988962990897044,0.20255303382873535
DJI_0656.JPG,QZ_SongCity,HIGH,Top1,RoMa,-44.9,179.2,119.2,0.505968408691759,1520,0.8564610481262207,0.01598853724343436,0.20362043380737305
DJI_0657.JPG,QZ_SongCity,HIGH,Top1,RoMa,-44.9,179.7,119.5,0.7683601351351889,1449,0.8624858856201172,0.016290221895490373,0.2031257152557373
DJI_0658.JPG,QZ_SongCity,HIGH,Top1,RoMa,-44.9,179.8,119.5,0.3505758600406179,1541,0.8400280475616455,0.01570450408118112,0.2003614902496338
DJI_0659.JPG,QZ_SongCity,HIGH,Top1,RoMa,-44.9,179.4,119.4,0.3376900711152098,1510,0.9703388214111328,0.015860702310289656,0.3257880210876465
DJI_0660.JPG,QZ_SongCity,HIGH,Top1,RoMa,-44.9,-103.2,119.6,0.5257878152697826,1021,0.8871591091156006,0.015566310574931482,0.20193767547607422
DJI_0661.JPG,QZ_SongCity,HIGH,Top1,RoMa,-44.9,-100.7,119.4,4.755098049692629,1327,0.8959789276123047,0.015700801726310484,0.20139789581298828
DJI_0662.JPG,QZ_SongCity,HIGH,Top1,RoMa,-44.9,-101.7,119.2,3.287954565979338,1351,0.901186466217041,0.015721159596596996,0.20108723640441895
DJI_0663.JPG,QZ_SongCity,HIGH,Top1,RoMa,-44.9,-102.5,119.0,2.188833483142744,900,0.906562089920044,0.016040248255575856,0.2011711597442627
DJI_0664.JPG,QZ_SongCity,HIGH,Top1,RoMa,-45.0,-102.5,113.4,1.395660921897315,1173,0.8373935222625732,0.01603938032079626,0.19807696342468262
DJI_0665.JPG,QZ_SongCity,HIGH,Top1,RoMa,-45.0,149.9,119.7,0.30575530802795525,1752,0.7880470752716064,0.01626264530679454,0.2061142921447754
DJI_0666.JPG,QZ_SongCity,HIGH,Top1,RoMa,-45.0,148.9,119.4,3.789467545359809,1968,0.784665584564209,0.016193327696427055,0.2028820514678955
DJI_0667.JPG,QZ_SongCity,HIGH,Top1,RoMa,-45.0,148.6,119.4,3.616120550422919,1867,0.7805154323577881,0.016681020910089665,0.20285320281982422
DJI_0668.JPG,QZ_SongCity,HIGH,Top1,RoMa,-45.0,148.4,119.4,3.3112197038498845,2045,0.7974445819854736,0.016937407580288975,0.2063446044921875
DJI_0669.JPG,QZ_SongCity,HIGH,Top1,RoMa,-45.0,148.3,119.4,3.141223662004937,1973,0.768089771270752,0.016119631853970615,0.20454120635986328
DJI_0674.JPG,QZ_SongCity,HIGH,Top1,RoMa,-45.0,1.0,119.4,0.90429656158558,1755,0.8270301818847656,0.016150575417738695,0.20290207862854004
DJI_0675.JPG,QZ_SongCity,HIGH,Top1,RoMa,-44.9,-0.9,119.2,1.4261804911644755,1771,0.817493200302124,0.015889910551217887,0.19893836975097656
DJI_0676.JPG,QZ_SongCity,HIGH,Top1,RoMa,-45.0,-0.5,119.3,0.8123746867422721,1474,0.8557238578796387,0.015931759561811174,0.20235967636108398
DJI_0677.JPG,QZ_SongCity,HIGH,Top1,RoMa,-45.0,-0.6,119.3,0.3518864022584057,1328,0.8537082672119141,0.01579082863671439,0.20392227172851562
DJI_0678.JPG,QZ_SongCity,HIGH,Top1,RoMa,-45.0,-0.6,119.2,2.856589946163226,1194,0.8606839179992676,0.016202637127467563,0.20224976539611816
DJI_0679.JPG,QZ_SongCity,HIGH,Top1,RoMa,-45.0,-0.8,119.2,2.6738384459384013,1247,0.8265407085418701,0.0160289085828341,0.20335650444030762
DJI_0680.JPG,QZ_SongCity,HIGH,Top1,RoMa,-45.0,-0.6,119.3,1.609435000231742,1160,0.8663594722747803,0.016304876123155867,0.20126771926879883
DJI_0681.JPG,QZ_SongCity,HIGH,Top1,RoMa,-45.0,-0.8,119.2,1.8154396531042882,1206,0.821953535079956,0.01604326871725229,0.20040631294250488
DJI_0682.JPG,QZ_SongCity,HIGH,Top1,RoMa,-45.0,-0.5,119.2,3.5731188791861737,755,0.8565554618835449,0.01599118539265224,0.19989609718322754
DJI_0683.JPG,QZ_SongCity,HIGH,Top1,RoMa,-45.0,0.9,119.2,4.165192252443805,888,0.8249557018280029,0.015891432762145996,0.20279884338378906
DJI_0684.JPG,QZ_SongCity,HIGH,Top1,RoMa,-45.0,0.7,119.2,1.8065092674379943,1112,0.8607072830200195,0.01608468805040632,0.20324015617370605
DJI_0685.JPG,QZ_SongCity,HIGH,Top1,RoMa,-45.0,0.7,119.3,2.554600723022848,1093,0.8575000762939453,0.016080805233546665,0.19901466369628906
DJI_0686.JPG,QZ_SongCity,HIGH,Top1,RoMa,-45.0,0.3,119.4,2.036156249263703,1261,0.8622477054595947,0.016192282949175154,0.20111680030822754
DJI_0687.JPG,QZ_SongCity,HIGH,Top1,RoMa,-45.0,0.3,119.4,2.0979625349817614,1292,0.8616900444030762,0.01592395986829485,0.20046544075012207
DJI_0688.JPG,QZ_SongCity,HIGH,Top1,RoMa,-45.0,0.3,119.5,1.274828828935654,1384,0.888953447341919,0.016671061515808105,0.20674967765808105
DJI_0689.JPG,QZ_SongCity,HIGH,Top1,RoMa,-45.0,0.3,119.4,0.7445362392501378,1388,0.8605170249938965,0.015939959457942417,0.2028207778930664
DJI_0690.JPG,QZ_SongCity,HIGH,Top1,RoMa,-45.0,0.3,119.5,1.0075330889232588,1473,0.8481993675231934,0.016036008085523332,0.1997544765472412
DJI_0691.JPG,QZ_SongCity,HIGH,Top1,RoMa,-45.0,-0.7,119.4,0.5050534472752409,1434,0.8159565925598145,0.015820063077486478,0.20150256156921387
DJI_0692.JPG,QZ_SongCity,HIGH,Top1,RoMa,-45.0,-1.5,119.4,1.0377864760404727,958,0.8165812492370605,0.01565133608304537,0.20324993133544922
DJI_0693.JPG,QZ_SongCity,HIGH,Top1,RoMa,-45.0,0.0,119.2,3.4444560089409686,1121,0.8625872135162354,0.0159813506262643,0.20107460021972656
DJI_0694.JPG,QZ_SongCity,HIGH,Top1,RoMa,-45.0,-0.2,119.3,2.956064981222107,889,0.8732378482818604,0.01637474979673113,0.20311594009399414
DJI_0695.JPG,QZ_SongCity,HIGH,Top1,RoMa,-45.0,-0.4,119.4,1.5438253166365468,894,0.8536996841430664,0.015984015805380686,0.20189404487609863
DJI_0696.JPG,QZ_SongCity,HIGH,Top1,RoMa,-45.0,-0.4,119.3,5.7851961692063565,93,0.8606696128845215,0.015895417758396695,0.20014667510986328
DJI_0697.JPG,QZ_SongCity,HIGH,Top1,RoMa,-45.0,-0.5,119.3,1.7900571117546296,1072,0.8638968467712402,0.01575854846409389,0.20274901390075684
DJI_0698.JPG,QZ_SongCity,HIGH,Top1,RoMa,-45.0,-0.6,119.4,1.3875242321647023,1083,0.8571345806121826,0.01609401191983904,0.20247292518615723
DJI_0699.JPG,QZ_SongCity,HIGH,Top1,RoMa,-45.0,-0.7,119.5,1.7057699139498934,809,0.8636517524719238,0.016125585351671492,0.20311450958251953
DJI_0700.JPG,QZ_SongCity,HIGH,Top1,RoMa,-45.0,0.2,119.4,3.1388468729511114,820,0.9841318130493164,0.01593383720942906,0.33074426651000977
DJI_0701.JPG,QZ_SongCity,HIGH,Top1,RoMa,-45.0,0.2,119.3,3.6648137694853835,847,0.8604717254638672,0.016108078616006032,0.20523619651794434
DJI_0702.JPG,QZ_SongCity,HIGH,Top1,RoMa,-45.0,0.3,119.3,2.6592536564824703,674,0.8986265659332275,0.017081541674477712,0.2098391056060791
DJI_0703.JPG,QZ_SongCity,HIGH,Top1,RoMa,-45.0,0.4,119.4,2.2114136831502695,778,0.8624696731567383,0.01602496419634138,0.20209383964538574
DJI_0704.JPG,QZ_SongCity,HIGH,Top1,RoMa,-45.0,0.4,119.4,1.9603277045121024,795,0.8658313751220703,0.016372433730534146,0.20010018348693848
DJI_0705.JPG,QZ_SongCity,HIGH,Top1,RoMa,-45.0,0.4,119.3,2.9081057269716153,677,0.8553330898284912,0.01606659378324236,0.2021176815032959
DJI_0706.JPG,QZ_SongCity,HIGH,Top1,RoMa,-45.0,0.3,119.3,1.2380662331863226,644,0.8673560619354248,0.0158268894468035,0.20261478424072266
DJI_0707.JPG,QZ_SongCity,HIGH,Top1,RoMa,-45.0,0.3,119.3,1.162278180179002,730,0.8596644401550293,0.016154536179133823,0.1988375186920166
DJI_0708.JPG,QZ_SongCity,HIGH,Top1,RoMa,-45.0,0.2,119.3,2.527899831648892,599,0.856980562210083,0.016193389892578125,0.20066452026367188
DJI_0709.JPG,QZ_SongCity,HIGH,Top1,RoMa,-45.0,-1.3,119.3,1.5321256152174993,889,0.8569984436035156,0.01692852607140174,0.20630478858947754
DJI_0710.JPG,QZ_SongCity,HIGH,Top1,RoMa,-45.0,-0.9,119.2,1.8581830371935648,290,0.8421204090118408,0.016381382942199707,0.20194196701049805
DJI_0711.JPG,QZ_SongCity,HIGH,Top1,RoMa,-45.0,0.0,119.3,2.4803554641910637,594,0.8863935470581055,0.01665102584021432,0.21000242233276367
DJI_0712.JPG,QZ_SongCity,HIGH,Top1,RoMa,-45.0,-0.2,119.3,2.06659443741448,713,0.8809900283813477,0.01636613266808646,0.19948244094848633
DJI_0713.JPG,QZ_SongCity,HIGH,Top1,RoMa,-45.0,-0.4,119.4,1.7841512793179002,735,0.8823866844177246,0.016228020191192627,0.20069098472595215
DJI_0714.JPG,QZ_SongCity,HIGH,Top1,RoMa,-45.0,-0.4,119.5,2.0165805505278684,814,0.871417760848999,0.01599045310701643,0.20211529731750488
DJI_0715.JPG,QZ_SongCity,HIGH,Top1,RoMa,-45.0,-0.4,119.4,1.4667901941016324,961,0.8980233669281006,0.016849304948534285,0.19812774658203125
DJI_0716.JPG,QZ_SongCity,HIGH,Top1,RoMa,-45.0,-0.4,119.4,1.561230651826048,990,0.8798332214355469,0.016290298530033658,0.20003366470336914
DJI_0717.JPG,QZ_SongCity,HIGH,Top1,RoMa,-45.0,0.0,119.4,2.1605749128755636,773,0.8901677131652832,0.016411823885781423,0.20147919654846191
DJI_0718.JPG,QZ_SongCity,HIGH,Top1,RoMa,-45.0,2.3,119.6,0.07715373015583181,917,0.8676645755767822,0.01669419728792631,0.20390605926513672
DJI_0719.JPG,QZ_SongCity,HIGH,Top1,RoMa,-45.0,58.6,119.3,0.15574917302734112,648,0.8099246025085449,0.016881899400190872,0.20172643661499023
DJI_0720.JPG,QZ_SongCity,HIGH,Top1,RoMa,-45.0,59.7,119.4,3.2627584386755504,947,0.8189380168914795,0.017176010391928932,0.20487427711486816
DJI_0721.JPG,QZ_SongCity,HIGH,Top1,RoMa,-45.0,60.4,119.1,1.2866602453845388,552,0.7849228382110596,0.016320270040760868,0.20135045051574707
DJI_0722.JPG,QZ_SongCity,HIGH,Top1,RoMa,-45.0,60.5,119.6,0.7311860974241988,549,0.7726924419403076,0.01621378551829945,0.2044389247894287
DJI_0724.JPG,QZ_SongCity,HIGH,Top1,RoMa,-45.0,-46.7,33.4,106.69365443544548,12,3.098849296569824,0.012588956344749125,0.22501873970031738
DJI_0725.JPG,QZ_SongCity,HIGH,Top1,RoMa,-45.0,-46.9,48.4,1.3984982871099831,529,1.9288649559020996,0.01419550967666338,0.21321797370910645
DJI_0726.JPG,QZ_SongCity,HIGH,Top1,RoMa,-45.0,-46.9,65.0,0.6058610658191622,112,1.3803820610046387,0.014924178047785683,0.22079730033874512
DJI_0727.JPG,QZ_SongCity,HIGH,Top1,RoMa,-45.0,-47.0,77.2,0.6479820807093597,855,1.2323839664459229,0.01618404918246799,0.21036505699157715
DJI_0728.JPG,QZ_SongCity,HIGH,Top1,RoMa,-45.0,-47.0,93.0,0.2941369970591773,668,0.9912862777709961,0.01629822181932854,0.2119767665863037
DJI_0729.JPG,QZ_SongCity,HIGH,Top1,RoMa,-45.0,-47.0,108.0,0.9172318321308695,976,0.9608075618743896,0.01853808072897104,0.23074698448181152
DJI_0730.JPG,QZ_SongCity,HIGH,Top1,RoMa,-45.0,-61.8,119.9,1.4478829745362063,952,0.9489345550537109,0.01851910591125488,0.22539925575256348
DJI_0731.JPG,QZ_SongCity,HIGH,Top1,RoMa,-45.0,-66.0,119.6,2.955597369116887,1019,0.9505951404571533,0.017516083187527128,0.22312211990356445
DJI_0732.JPG,QZ_SongCity,HIGH,Top1,RoMa,-45.0,-66.3,119.4,3.3537131156884064,972,1.0823206901550293,0.01723972073307744,0.35886669158935547
DJI_0739.JPG,QZ_SongCity,HIGH,Top1,RoMa,-44.9,88.5,119.3,2.9159707219749467,1033,0.8512582778930664,0.017053407171498173,0.214752197265625
DJI_0740.JPG,QZ_SongCity,HIGH,Top1,RoMa,-45.0,89.3,119.4,2.4908047205549813,1149,0.8734087944030762,0.01774199112601902,0.22176742553710938
DJI_0741.JPG,QZ_SongCity,HIGH,Top1,RoMa,-45.0,89.5,119.4,1.8813119636726015,956,0.9081761837005615,0.018058704293292503,0.23661231994628906
DJI_0742.JPG,QZ_SongCity,HIGH,Top1,RoMa,-45.0,89.6,119.5,2.552278803471427,1135,0.9389994144439697,0.018363734950190006,0.21871399879455566
DJI_0743.JPG,QZ_SongCity,HIGH,Top1,RoMa,-45.0,89.6,119.4,1.6599173186622165,967,0.918785810470581,0.01920671048371688,0.2130427360534668
DJI_0744.JPG,QZ_SongCity,HIGH,Top1,RoMa,-44.9,88.9,119.3,1.5994174325595805,955,0.9172689914703369,0.01827549934387207,0.22069668769836426
DJI_0745.JPG,QZ_SongCity,HIGH,Top1,RoMa,-45.0,90.9,119.3,1.451016991864257,1124,0.9496111869812012,0.018901462140290634,0.21856236457824707
DJI_0746.JPG,QZ_SongCity,HIGH,Top1,RoMa,-45.0,92.1,119.4,2.5541721712311465,980,0.9369363784790039,0.01898659830508025,0.21340346336364746
DJI_0747.JPG,QZ_SongCity,HIGH,Top1,RoMa,-45.0,90.8,119.3,1.0891019782371953,1017,0.906029462814331,0.01815765836964483,0.21350669860839844
DJI_0748.JPG,QZ_SongCity,HIGH,Top1,RoMa,-44.9,90.8,119.3,2.4488770899178327,764,0.9243044853210449,0.018350331679634426,0.2120037078857422
DJI_0749.JPG,QZ_SongCity,HIGH,Top1,RoMa,-44.9,90.8,119.3,1.0812223334741118,902,0.9180295467376709,0.01865850324216096,0.21809029579162598
DJI_0750.JPG,QZ_SongCity,HIGH,Top1,RoMa,-45.0,91.1,119.2,0.9358868268284095,1149,0.8896780014038086,0.01770273498866869,0.21646666526794434
DJI_0751.JPG,QZ_SongCity,HIGH,Top1,RoMa,-45.0,89.5,119.4,1.4236661024192852,1007,0.8988709449768066,0.017853239308232845,0.21955037117004395
DJI_0752.JPG,QZ_SongCity,HIGH,Top1,RoMa,-44.9,89.8,119.5,4.603048858475779,460,0.8829858303070068,0.018376740542325107,0.22275447845458984
DJI_0753.JPG,QZ_SongCity,HIGH,Top1,RoMa,-44.9,89.8,119.3,1.5318185013034598,575,0.8904602527618408,0.018853740258650345,0.21651196479797363
DJI_0754.JPG,QZ_SongCity,HIGH,Top1,RoMa,-45.0,89.7,119.5,2.2403183554454342,1265,0.8911218643188477,0.018056589624156124,0.2171497344970703
DJI_0755.JPG,QZ_SongCity,HIGH,Top1,RoMa,-44.9,89.7,119.3,1.726189909925436,1085,0.8591518402099609,0.017274846201357635,0.210906982421875
DJI_0756.JPG,QZ_SongCity,HIGH,Top1,RoMa,-44.9,89.7,119.5,2.6374623232047507,1142,0.8602316379547119,0.017548496072942562,0.21181821823120117
DJI_0757.JPG,QZ_SongCity,HIGH,Top1,RoMa,-44.9,89.8,119.4,1.0386615194710225,1577,0.8712646961212158,0.01812458038330078,0.22215962409973145
DJI_0758.JPG,QZ_SongCity,HIGH,Top1,RoMa,-44.9,91.2,119.4,0.4968371924486444,1573,0.8659756183624268,0.017486862514329994,0.21534943580627441
DJI_0759.JPG,QZ_SongCity,HIGH,Top1,RoMa,-45.0,92.1,119.4,0.7521884988288345,1179,0.8897204399108887,0.01821433979531993,0.22424530982971191
DJI_0760.JPG,QZ_SongCity,HIGH,Top1,RoMa,-44.9,91.6,119.4,0.3782549384611299,1062,0.8720581531524658,0.017497321833734928,0.21641182899475098
DJI_0761.JPG,QZ_SongCity,HIGH,Top1,RoMa,-45.0,91.3,119.6,0.5632825184592971,770,0.86000657081604,0.017399476922076683,0.21930742263793945
DJI_0762.JPG,QZ_SongCity,HIGH,Top1,RoMa,-44.9,90.9,119.4,4.7007011021828395,829,0.8495833873748779,0.016981767571490745,0.2125093936920166
DJI_0763.JPG,QZ_SongCity,HIGH,Top1,RoMa,-44.9,90.9,119.6,1.915957403432218,816,0.8596251010894775,0.017586656238721764,0.21349811553955078
DJI_0764.JPG,QZ_SongCity,HIGH,Top1,RoMa,-44.9,89.8,119.4,3.0107805602071593,539,0.8586468696594238,0.017973043701865456,0.21247243881225586
DJI_0765.JPG,QZ_SongCity,HIGH,Top1,RoMa,-45.0,88.9,119.3,3.783897684949278,706,0.8560225963592529,0.01688117566316024,0.2132561206817627
DJI_0766.JPG,QZ_SongCity,HIGH,Top1,RoMa,-45.0,89.2,119.2,4.726007170654775,1147,0.8879764080047607,0.017573087111763332,0.2170708179473877
DJI_0767.JPG,QZ_SongCity,HIGH,Top1,RoMa,-45.0,89.4,119.3,6.141114773477581,854,0.8641843795776367,0.0172155007072117,0.21883058547973633
DJI_0768.JPG,QZ_SongCity,HIGH,Top1,RoMa,-45.0,89.5,119.5,4.361908223858726,1196,0.8838412761688232,0.01832227084947669,0.21498966217041016
DJI_0769.JPG,QZ_SongCity,HIGH,Top1,RoMa,-45.0,89.7,119.5,5.023010728836327,1470,0.8831164836883545,0.0178494349769924,0.22588348388671875
DJI_0770.JPG,QZ_SongCity,HIGH,Top1,RoMa,-44.9,89.9,119.5,2.593968251272589,1534,0.8544764518737793,0.017535513097589665,0.2201218605041504
DJI_0771.JPG,QZ_SongCity,HIGH,Top1,RoMa,-45.0,92.9,119.5,2.1310522321566316,1859,0.8573079109191895,0.017490988192350967,0.2108454704284668
DJI_0772.JPG,QZ_SongCity,HIGH,Top1,RoMa,-44.9,92.2,119.4,2.570106863381244,1541,0.882188081741333,0.018425889637159264,0.21732592582702637
DJI_0773.JPG,QZ_SongCity,HIGH,Top1,RoMa,-44.9,91.7,119.5,2.9999930080285657,1177,0.8783674240112305,0.017973215683646824,0.21923518180847168
DJI_0774.JPG,QZ_SongCity,HIGH,Top1,RoMa,-44.9,91.3,119.5,2.226972119855533,845,0.8562123775482178,0.01747112688810929,0.21013259887695312
DJI_0775.JPG,QZ_SongCity,HIGH,Top1,RoMa,-45.0,90.8,119.5,179.3340480559518,17,0.8522071838378906,0.017472008000249447,0.2124321460723877
DJI_0776.JPG,QZ_SongCity,HIGH,Top1,RoMa,-44.9,90.7,119.4,211.63607780923988,6,0.8621821403503418,0.017791893171227497,0.21234750747680664
DJI_0777.JPG,QZ_SongCity,HIGH,Top1,RoMa,-44.9,90.3,119.3,285.8512985377613,9,0.8478631973266602,0.01691139262655507,0.21816301345825195
DJI_0778.JPG,QZ_SongCity,HIGH,Top1,RoMa,-45.0,88.5,119.2,2.934465520858659,578,0.8563382625579834,0.017174482345581055,0.21671152114868164
DJI_0779.JPG,QZ_SongCity,HIGH,Top1,RoMa,-44.9,89.1,119.1,1.934652653249974,926,0.8515467643737793,0.01728467319322669,0.21472573280334473
DJI_0780.JPG,QZ_SongCity,HIGH,Top1,RoMa,-45.0,89.2,119.3,0.6277968873321152,1158,0.837531328201294,0.01697912423507027,0.21697020530700684
DJI_0781.JPG,QZ_SongCity,HIGH,Top1,RoMa,-44.9,89.4,119.1,0.3296204038656713,1369,0.8373522758483887,0.016986774361651878,0.21324372291564941
DJI_0782.JPG,QZ_SongCity,HIGH,Top1,RoMa,-45.0,89.4,119.1,0.48518798350795833,1495,0.8618173599243164,0.01744488011235776,0.2285020351409912
DJI_0783.JPG,QZ_SongCity,HIGH,Top1,RoMa,-44.9,98.5,119.0,0.7503824684191757,1762,0.9467282295227051,0.01750263461360225,0.22076964378356934
DJI_0784.JPG,QZ_SongCity,HIGH,Top1,RoMa,-45.0,-35.4,56.3,0.31718807560027107,375,1.7467069625854492,0.01569359004497528,0.22507834434509277
DJI_0785.JPG,QZ_SongCity,HIGH,Top1,RoMa,-45.0,-35.2,71.8,0.5785121957499438,440,1.3227660655975342,0.01612719835019579,0.21868515014648438
DJI_0786.JPG,QZ_SongCity,HIGH,Top1,RoMa,-45.0,-35.2,86.8,0.7876741022920828,740,1.1420519351959229,0.01683388612209222,0.21686029434204102
DJI_0787.JPG,QZ_SongCity,HIGH,Top1,RoMa,-45.0,-35.2,102.0,251.64049783685167,16,0.9864375591278076,0.017055790999840045,0.2258591651916504
DJI_0788.JPG,QZ_SongCity,HIGH,Top1,RoMa,-45.0,-35.3,116.8,0.9307595595321685,757,0.8909430503845215,0.018747914921153675,0.22624850273132324
DJI_0789.JPG,QZ_SongCity,HIGH,Top1,RoMa,-45.0,99.0,119.5,0.19636013931044058,1193,1.0779151916503906,0.01709225442674425,0.37306809425354004
DJI_0790.JPG,QZ_SongCity,HIGH,Top1,RoMa,-45.0,98.6,119.2,3.5414150367975075,650,0.9312644004821777,0.017074849870469835,0.21790671348571777
DJI_0791.JPG,QZ_SongCity,HIGH,Top1,RoMa,-44.9,98.5,119.2,3.1884797802570035,1686,0.919381856918335,0.0174188702194779,0.21698355674743652
DJI_0792.JPG,QZ_SongCity,HIGH,Top1,RoMa,-45.0,98.4,119.4,2.7146138540676,1626,0.9020054340362549,0.016974405006126122,0.2133169174194336
DJI_0793.JPG,QZ_SongCity,HIGH,Top1,RoMa,-44.9,98.4,119.4,2.976113931945256,1439,0.8931326866149902,0.016566700405544706,0.21395421028137207
DJI_0794.JPG,QZ_SongCity,HIGH,Top1,RoMa,-45.0,98.4,119.4,1.8426068163396292,1525,0.9114611148834229,0.0168118918383563,0.21279406547546387
DJI_0799.JPG,QZ_SongCity,HIGH,Top1,RoMa,-45.0,-88.0,119.2,0.4934922583522882,1281,0.9661314487457275,0.017185359165586275,0.2127697467803955
DJI_0800.JPG,QZ_SongCity,HIGH,Top1,RoMa,-45.0,-89.5,119.2,0.7063484576737813,1332,0.9647343158721924,0.016651153564453125,0.21866559982299805
DJI_0801.JPG,QZ_SongCity,HIGH,Top1,RoMa,-45.0,-89.9,119.3,1.8372051596975156,909,0.9449474811553955,0.016390792528788247,0.2135932445526123
DJI_0802.JPG,QZ_SongCity,HIGH,Top1,RoMa,-45.0,-89.5,119.3,0.5048892625871321,673,0.9600000381469727,0.01659834384918213,0.21915102005004883
DJI_0803.JPG,QZ_SongCity,HIGH,Top1,RoMa,-45.0,-89.5,119.2,1.3689773657446125,875,0.969857931137085,0.016799251238505047,0.22563600540161133
DJI_0804.JPG,QZ_SongCity,HIGH,Top1,RoMa,-45.0,-89.4,119.3,1.003442202854941,625,0.9452974796295166,0.016344038645426433,0.21386218070983887
DJI_0806.JPG,QZ_SongCity,HIGH,Top1,RoMa,-44.9,-89.7,119.2,6.892001310723154,158,0.9603607654571533,0.016833996772766112,0.20961880683898926
DJI_0807.JPG,QZ_SongCity,HIGH,Top1,RoMa,-45.0,-90.8,119.3,2.9963945600066473,239,0.9406731128692627,0.016519102556952114,0.22105836868286133
DJI_0808.JPG,QZ_SongCity,HIGH,Top1,RoMa,-45.0,-90.5,119.4,2.304342643179338,215,0.9565064907073975,0.01652692953745524,0.22304058074951172
DJI_0809.JPG,QZ_SongCity,HIGH,Top1,RoMa,-45.0,-90.6,119.5,1.769877647386851,1317,0.9867351055145264,0.017237242062886557,0.21956658363342285
DJI_0810.JPG,QZ_SongCity,HIGH,Top1,RoMa,-44.9,-90.4,119.5,0.5577321429489233,1259,0.9978377819061279,0.01753525733947754,0.2136366367340088
DJI_0811.JPG,QZ_SongCity,HIGH,Top1,RoMa,-45.0,-89.4,119.4,0.10842450647425741,1240,1.0393404960632324,0.018130890528361,0.22403311729431152
DJI_0812.JPG,QZ_SongCity,HIGH,Top1,RoMa,-45.0,-88.0,119.4,0.4379495551925422,1185,0.9889798164367676,0.017612991661861026,0.21563124656677246
DJI_0813.JPG,QZ_SongCity,HIGH,Top1,RoMa,-45.0,-90.7,119.3,0.3081992326539469,1472,0.9639360904693604,0.017195849583066743,0.21402859687805176
DJI_0814.JPG,QZ_SongCity,HIGH,Top1,RoMa,-44.9,-89.6,119.3,0.20169546658745993,1309,1.0610837936401367,0.018619211514790852,0.22827696800231934
DJI_0815.JPG,QZ_SongCity,HIGH,Top1,RoMa,-45.0,-89.5,119.4,1.0555232869333644,1312,1.017439365386963,0.017739025751749675,0.2181556224822998
DJI_0816.JPG,QZ_SongCity,HIGH,Top1,RoMa,-45.0,-89.2,119.5,1.1826539413520774,533,1.0092442035675049,0.017991255069601125,0.21290850639343262
DJI_0817.JPG,QZ_SongCity,HIGH,Top1,RoMa,-45.0,-89.2,119.3,5.208969271862419,393,1.093069076538086,0.01956052615724761,0.24664926528930664
DJI_0819.JPG,QZ_SongCity,HIGH,Top1,RoMa,-45.0,-89.0,118.9,0.8191013092550625,512,0.97896409034729,0.017517616008890086,0.21435904502868652
DJI_0820.JPG,QZ_SongCity,HIGH,Top1,RoMa,-45.0,-90.8,119.3,1.7862931111567635,300,0.9862072467803955,0.0180556609712798,0.21603107452392578
DJI_0821.JPG,QZ_SongCity,HIGH,Top1,RoMa,-44.9,-90.5,119.4,0.8010902376621791,935,0.9654059410095215,0.016651455561319986,0.22327280044555664
DJI_0822.JPG,QZ_SongCity,HIGH,Top1,RoMa,-44.9,-90.4,119.3,0.9960730951879118,1127,0.990105390548706,0.017076841990152993,0.2348489761352539
DJI_0823.JPG,QZ_SongCity,HIGH,Top1,RoMa,-45.0,-90.4,119.3,0.7914485993036856,1130,0.9638378620147705,0.016953754425048827,0.21415424346923828
DJI_0824.JPG,QZ_SongCity,HIGH,Top1,RoMa,-45.0,-87.5,119.3,0.9863672779931139,1387,0.938767671585083,0.01658686276139884,0.2139277458190918
DJI_0825.JPG,QZ_SongCity,HIGH,Top1,RoMa,-44.9,-86.9,119.3,0.9761995902431825,1056,0.9649684429168701,0.017415120683867354,0.2155764102935791
DJI_0826.JPG,QZ_SongCity,HIGH,Top1,RoMa,-45.0,-91.4,119.5,1.2282011680492841,964,0.9608216285705566,0.01696933549025963,0.22352170944213867
DJI_0827.JPG,QZ_SongCity,HIGH,Top1,RoMa,-44.9,-89.8,119.5,169.56232121721004,36,0.9885916709899902,0.017447710037231445,0.22349095344543457
DJI_0828.JPG,QZ_SongCity,HIGH,Top1,RoMa,-44.9,-89.4,119.6,295.0528308691882,40,0.959470272064209,0.016336512565612794,0.21770811080932617
DJI_0829.JPG,QZ_SongCity,HIGH,Top1,RoMa,-45.0,-89.5,119.5,0.32765282975321103,613,0.9641420841217041,0.016922489802042643,0.2125093936920166
DJI_0830.JPG,QZ_SongCity,HIGH,Top1,RoMa,-44.9,-89.2,119.5,0.7846391973011272,478,0.9651134014129639,0.017198801040649414,0.21202945709228516
DJI_0831.JPG,QZ_SongCity,HIGH,Top1,RoMa,-45.0,-87.9,119.4,1.3364689412952606,621,0.9495372772216797,0.016815136218893117,0.21692490577697754
DJI_0832.JPG,QZ_SongCity,HIGH,Top1,RoMa,-45.0,-91.8,119.3,1.175901808137651,494,1.1215975284576416,0.0170151529640987,0.36911940574645996
DJI_0833.JPG,QZ_SongCity,HIGH,Top1,RoMa,-44.9,-90.8,119.4,4.560616037284418,561,0.9385886192321777,0.016707329914487642,0.21802926063537598
DJI_0834.JPG,QZ_SongCity,HIGH,Top1,RoMa,-45.0,-90.3,119.3,0.934599197862637,241,0.9644522666931152,0.017014495531717935,0.21454882621765137
DJI_0835.JPG,QZ_SongCity,HIGH,Top1,RoMa,-45.0,-90.2,119.3,2.273186810804927,1039,0.99843430519104,0.01718603769938151,0.21303701400756836
DJI_0836.JPG,QZ_SongCity,HIGH,Top1,RoMa,-44.9,-90.1,119.3,3.9758091193047003,831,0.968975305557251,0.016762924194335938,0.2159585952758789
DJI_0837.JPG,QZ_SongCity,HIGH,Top1,RoMa,-44.9,-89.0,119.1,0.5679674843552229,1039,0.9645657539367676,0.016864760168667496,0.22194147109985352
DJI_0838.JPG,QZ_SongCity,HIGH,Top1,RoMa,-45.0,-88.4,119.2,1.0592893466172948,808,0.9724798202514648,0.017208715965007913,0.2136085033416748
DJI_0839.JPG,QZ_SongCity,HIGH,Top1,RoMa,-45.0,-91.1,119.2,2.3092724280456114,728,0.9865827560424805,0.017595447342971277,0.21642231941223145
DJI_0840.JPG,QZ_SongCity,HIGH,Top1,RoMa,-45.0,-90.1,119.1,1.827371987303353,564,1.032357931137085,0.017798519134521483,0.2199230194091797
DJI_0841.JPG,QZ_SongCity,HIGH,Top1,RoMa,-45.0,-89.6,119.3,1.2086676885033343,972,1.024775505065918,0.01738767623901367,0.22678041458129883
DJI_0842.JPG,QZ_SongCity,HIGH,Top1,RoMa,-44.9,-89.5,119.4,0.7406417012133497,790,0.9908132553100586,0.01717824141184489,0.2207355499267578
DJI_0843.JPG,QZ_SongCity,HIGH,Top1,RoMa,-45.0,-89.4,119.3,1.3856230469135118,830,1.0233793258666992,0.018080814679463705,0.21827197074890137
